"Txhash","Blockno","UnixTimestamp","DateTime","From","To","ContractAddress","Value_IN(ETH)","Value_OUT(ETH)","CurrentValue @ $3744.74/Eth","TxnFee(ETH)","TxnFee(USD)","Historical $Price/Eth","Status","ErrCode","Method"
"0xbdb2c97f93d27504f2a79af64b22b2d1c3dca8f485b192c1e05b21d68a783893","13717847","1638316845","2021-12-01 00:00:45","0x8c73d39b2da2dd1a10cc16502bc7c8d768ec74c9","0xd51a44d3fae010294c616388b506acda1bfaae46","","0","0","0","0.022025374512469599","82.4793009518254","4580.57","","","Claim_admin_fees",""
"0xdac78465b3600c61676b994f94a84ee8ded5eb9f5313b498fb4b9c3f7e140824","13717850","1638316917","2021-12-01 00:01:57","0x5bd9dee999fe2c4e6efdbab2c395b4685b0c00d0","0xd51a44d3fae010294c616388b506acda1bfaae46","","0","0","0","0.058948017225357281","220.744998024484","4580.57","","","Exchange",""
"0x1ccf904bd97834f5189440353274c8bae526134ce84a05958f4bb3859da0ffce","13717880","1638317422","2021-12-01 00:10:22","0x5bd9dee999fe2c4e6efdbab2c395b4685b0c00d0","0xd51a44d3fae010294c616388b506acda1bfaae46","","0","0","0","0.025556915789719119","95.7040048343928","4580.57","Error(0)","Reverted","Exchange",""
"0x661bf971f081e548c4ab8cb645ef4d4d70f31d94fc2939b089866e84cbcf33b7","13717881","1638317459","2021-12-01 00:10:59","0x5bd9dee999fe2c4e6efdbab2c395b4685b0c00d0","0xd51a44d3fae010294c616388b506acda1bfaae46","","0","0","0","0.056530992286050376","211.693868053264","4580.57","","","Exchange",""
"0xa42415d235557783553ef47199241417fbe3cacdbe6e0b8bab2620157f6e58aa","13717917","1638318060","2021-12-01 00:21:00","0x5bd9dee999fe2c4e6efdbab2c395b4685b0c00d0","0xd51a44d3fae010294c616388b506acda1bfaae46","","0","0","0","0.058568019926085693","219.32200693801","4580.57","","","Exchange",""
"0x75d5a54fcda7fc8dbc0a834b8b7ad6f1862e225bfce204e258ece9c7385351a8","13718161","1638321449","2021-12-01 01:17:29","0x5bd9dee999fe2c4e6efdbab2c395b4685b0c00d0","0xd51a44d3fae010294c616388b506acda1bfaae46","","0","0","0","0.03329832","124.6935508368","4580.57","","","Exchange",""
"0xd203f0ff221fd219a4ce609e5800ed35d9d6219e433c17cd1f9141ece1015b67","13718168","1638321510","2021-12-01 01:18:30","0x5bd9dee999fe2c4e6efdbab2c395b4685b0c00d0","0xd51a44d3fae010294c616388b506acda1bfaae46","","0","0","0","0.03149735700856544","117.949412684255","4580.57","","","Exchange",""
"0x496103bdbe0ae0bc57f94cfe223d703e2e1e560db78b1522e33bc8c92ba12d04","13718207","1638321953","2021-12-01 01:25:53","0x5bd9dee999fe2c4e6efdbab2c395b4685b0c00d0","0xd51a44d3fae010294c616388b506acda1bfaae46","","0","0","0","0.02975247958243422","111.415300391525","4580.57","","","Exchange",""
"0xfb17be1fa0b0b1633ddb516ed2e81b735cbf693e637ecd384d68bf3823f76228","13718399","1638324593","2021-12-01 02:09:53","0x5bd9dee999fe2c4e6efdbab2c395b4685b0c00d0","0xd51a44d3fae010294c616388b506acda1bfaae46","","0","0","0","0.056683397754726015","212.264586908033","4580.57","","","Exchange",""
"0x2f72fd9f25770f1b84c02c7021b4d86d57ffa601c913a658d521239511068ab2","13718403","1638324652","2021-12-01 02:10:52","0x5bd9dee999fe2c4e6efdbab2c395b4685b0c00d0","0xd51a44d3fae010294c616388b506acda1bfaae46","","66","0","247152.84","0.019143695719113055","71.6881631071914","4580.57","Error(0)","Reverted","Exchange",""
"0xeea451099e49ba30dae30c5d04716533396b830a700f60dd78c3f0f1b8531b5b","13718560","1638326907","2021-12-01 02:48:27","0x5bd9dee999fe2c4e6efdbab2c395b4685b0c00d0","0xd51a44d3fae010294c616388b506acda1bfaae46","","0","0","0","0.020978690994571996","78.5597433150135","4580.57","Error(0)","Reverted","Exchange",""
"0x9adcc08190670197c1489383f8ded0c81ba7d9b6302bccb88bd324c6f4afda36","13718561","1638326994","2021-12-01 02:49:54","0x5bd9dee999fe2c4e6efdbab2c395b4685b0c00d0","0xd51a44d3fae010294c616388b506acda1bfaae46","","0","0","0","0.046592041063354878","174.475079851588","4580.57","","","Exchange",""
"0xb42625039e3da3f7aac56294913ab2b439cbf8d25219f41d9d16224b7b18e29f","13718634","1638327998","2021-12-01 03:06:38","0x5bd9dee999fe2c4e6efdbab2c395b4685b0c00d0","0xd51a44d3fae010294c616388b506acda1bfaae46","","0","0","0","0.042213127228135638","158.077186056289","4580.57","","","Exchange",""
"0x468a12c3d43c8af3cdf0303392e7e8b405b9abff35ac653ebd0f91a40b81aca2","13719086","1638334012","2021-12-01 04:46:52","0x5bd9dee999fe2c4e6efdbab2c395b4685b0c00d0","0xd51a44d3fae010294c616388b506acda1bfaae46","","0","0","0","0.040100896950600688","150.167432846792","4580.57","","","Exchange",""
"0x615941fd1f2eb03968cc7b466bf92f054c4c3edde652404d0b4291fe9f56fe91","13719349","1638337457","2021-12-01 05:44:17","0x5bd9dee999fe2c4e6efdbab2c395b4685b0c00d0","0xd51a44d3fae010294c616388b506acda1bfaae46","","0","0","0","0.015661902904154407","58.6497542813032","4580.57","Error(0)","Reverted","Exchange",""
"0x25f85c676dd85cfa4c81519ba075a6dc1c1efbf5ee6457526618e9db820cf6d3","13719382","1638337854","2021-12-01 05:50:54","0x5bd9dee999fe2c4e6efdbab2c395b4685b0c00d0","0xd51a44d3fae010294c616388b506acda1bfaae46","","0","0","0","0.021653291647895128","81.0859473655388","4580.57","Error(0)","Reverted","Exchange",""
"0xe1dd148879b921d0d4fd3841c27c4b2b685ddda3fc8342f4771619a48c41723e","13719662","1638342118","2021-12-01 07:01:58","0x5bd9dee999fe2c4e6efdbab2c395b4685b0c00d0","0xd51a44d3fae010294c616388b506acda1bfaae46","","42","0","157279.08","0.014095798750606644","52.7851014133467","4580.57","Error(0)","Reverted","Exchange",""
"0xf68cf880e518d665e3a6b325cd979e87145e4b0665320a16bdd3a94b05ee655e","13719883","1638345291","2021-12-01 07:54:51","0x5bd9dee999fe2c4e6efdbab2c395b4685b0c00d0","0xd51a44d3fae010294c616388b506acda1bfaae46","","0","0","0","0.027133749493799039","101.608837079409","4580.57","","","Exchange",""
"0x819e6c5a98ed9e04c668913f3802e3da6afe2dd91f214c4219b18516b64a66e8","13719981","1638346707","2021-12-01 08:18:27","0x5bd9dee999fe2c4e6efdbab2c395b4685b0c00d0","0xd51a44d3fae010294c616388b506acda1bfaae46","","0","0","0","0.015184671059182354","56.8626451021625","4580.57","Error(0)","Reverted","Exchange",""
"0x252a7fd6dd603462540702a9482e3588da655eb0be902de0ff780ae9be5dfecf","13719998","1638346935","2021-12-01 08:22:15","0x5bd9dee999fe2c4e6efdbab2c395b4685b0c00d0","0xd51a44d3fae010294c616388b506acda1bfaae46","","0","0","0","0.047696982689313226","178.612798955979","4580.57","","","Exchange",""
"0x89ff4fc4277de8a83c4801218c89a75b6d0e4fe97f50a77b33c809b8be5a0572","13720000","1638346965","2021-12-01 08:22:45","0x5bd9dee999fe2c4e6efdbab2c395b4685b0c00d0","0xd51a44d3fae010294c616388b506acda1bfaae46","","0","0","0","0.019771371190397358","74.0386445515286","4580.57","Error(0)","Reverted","Exchange",""
"0xdac5ce481b04cbdaf0c68cbc8973ed641c91019ec05b0323dcb27bb29c9fd99f","13720087","1638348298","2021-12-01 08:44:58","0x5bd9dee999fe2c4e6efdbab2c395b4685b0c00d0","0xd51a44d3fae010294c616388b506acda1bfaae46","","0","0","0","0.052123030918074136","195.187198800149","4580.57","","","Exchange",""
"0x60781d71811b85d710d8ca371afcc34b7ad51a57c0c26eac42b361a324f66b01","13720094","1638348408","2021-12-01 08:46:48","0x5bd9dee999fe2c4e6efdbab2c395b4685b0c00d0","0xd51a44d3fae010294c616388b506acda1bfaae46","","0","0","0","0.01964658435774276","73.5713503078136","4580.57","Error(0)","Reverted","Exchange",""
"0x048763158a8d649693de1353d4adfe79d2cc59c0a1f90ab06d2dd02d6c6ba12f","13720121","1638348914","2021-12-01 08:55:14","0x5bd9dee999fe2c4e6efdbab2c395b4685b0c00d0","0xd51a44d3fae010294c616388b506acda1bfaae46","","54","0","202215.96","0.018395610618077905","68.886778905941","4580.57","Error(0)","Reverted","Exchange",""
"0x808f24dfcf880d727ff52691d48e336512a3d4a726ddda06f128d6cddc17b365","13720145","1638349354","2021-12-01 09:02:34","0x5bd9dee999fe2c4e6efdbab2c395b4685b0c00d0","0xd51a44d3fae010294c616388b506acda1bfaae46","","54","0","202215.96","0.01893818824075185","70.9185910326731","4580.57","Error(0)","Reverted","Exchange",""
"0x1d054c61eec0a5d10c285c7cff19097b935e2cc0be643389dce13b5e12803188","13720303","1638351511","2021-12-01 09:38:31","0x5bd9dee999fe2c4e6efdbab2c395b4685b0c00d0","0xd51a44d3fae010294c616388b506acda1bfaae46","","0","0","0","0.0159938810377423","59.8929260772751","4580.57","Error(0)","Reverted","Exchange",""
"0x841cc14de664f5941a367a191d995bdf11a98224902d22e2ba10185083c7cb9f","13720375","1638352545","2021-12-01 09:55:45","0x5bd9dee999fe2c4e6efdbab2c395b4685b0c00d0","0xd51a44d3fae010294c616388b506acda1bfaae46","","0","0","0","0.041985764946636492","157.225773426268","4580.57","","","Exchange",""
"0x3c9cc3f2d91651543f7f37ee4ee4dff895d244efe34ba131cb7fdfa01ebc017b","13720734","1638357327","2021-12-01 11:15:27","0x5bd9dee999fe2c4e6efdbab2c395b4685b0c00d0","0xd51a44d3fae010294c616388b506acda1bfaae46","","0","0","0","0.021078515219668628","78.9335590837019","4580.57","","","Exchange",""
"0xd38ba20a00a0814a584b8ed2d2be2708532363c59e925f0b39bc299668d6d9b0","13720776","1638357917","2021-12-01 11:25:17","0x5bd9dee999fe2c4e6efdbab2c395b4685b0c00d0","0xd51a44d3fae010294c616388b506acda1bfaae46","","0","0","0","0.024587323879924083","92.0731352261069","4580.57","","","Exchange",""
"0x8095cc2877c65a61e8aa69e406e8ffab665aaa2329eaede9e3b51b44a9372fdf","13720790","1638358158","2021-12-01 11:29:18","0x5bd9dee999fe2c4e6efdbab2c395b4685b0c00d0","0xd51a44d3fae010294c616388b506acda1bfaae46","","0","0","0","0.028950608496525888","108.41250166128","4580.57","","","Exchange",""
"0x042b52a9313d0915afeb47ee17230d04b25d9a408c3e2b2dfcf7274b61ec005c","13720880","1638359276","2021-12-01 11:47:56","0x5bd9dee999fe2c4e6efdbab2c395b4685b0c00d0","0xd51a44d3fae010294c616388b506acda1bfaae46","","0","0","0","0.031460759476929888","117.812364443638","4580.57","","","Exchange",""
"0x7f1c69329888ab4fdcfec5044fddf8d2af7f705bceaa0132912d9b9bf97237dd","13720881","1638359292","2021-12-01 11:48:12","0x5bd9dee999fe2c4e6efdbab2c395b4685b0c00d0","0xd51a44d3fae010294c616388b506acda1bfaae46","","0","0","0","0.030722501473300011","115.047780167125","4580.57","","","Exchange",""
"0x6fc27af3e78a01a049cf8161fd67f1a21e2553795a47ebf1f76e779e351c35fc","13720927","1638359961","2021-12-01 11:59:21","0x3af5b1c9c1f2bbfcab89326019839a5f471c6081","0xd51a44d3fae010294c616388b506acda1bfaae46","","0","0","0","0.022276456376728286","83.4195372521895","4580.57","","","Remove_liquidity_one_coin",""
"0xe414779ffdc17815437ee88d749edca39b4377e8776ab5f654a3d6ff812c679e","13720964","1638360441","2021-12-01 12:07:21","0x993d1b2e40064a1a160759fcfc41ab5b7da40e5d","0xd51a44d3fae010294c616388b506acda1bfaae46","","0","0","0","0.02770607407888875","103.752043846178","4580.57","","","Remove_liquidity_one_coin",""
"0x76f7465183390015944134b219db2808551e868dbedc3c52c8a9d5c6d0fdf2f7","13720983","1638360791","2021-12-01 12:13:11","0x5bd9dee999fe2c4e6efdbab2c395b4685b0c00d0","0xd51a44d3fae010294c616388b506acda1bfaae46","","0","0","0","0.031388417506517472","117.541462573356","4580.57","","","Exchange",""
"0xdc647a704733c72268728d79e24c2ae1ec5f973c7447328b2fe5f0f9b3c2a1e9","13720983","1638360791","2021-12-01 12:13:11","0x5bd9dee999fe2c4e6efdbab2c395b4685b0c00d0","0xd51a44d3fae010294c616388b506acda1bfaae46","","0","0","0","0.008189654596401816","30.6681271533297","4580.57","Error(0)","Reverted","Exchange",""
"0x841d03b8d5b5165425b7b98bdad3b738649ad73d69d71a19f7265b0d10ac3916","13721131","1638362621","2021-12-01 12:43:41","0x5bd9dee999fe2c4e6efdbab2c395b4685b0c00d0","0xd51a44d3fae010294c616388b506acda1bfaae46","","48","0","179747.52","0.01250984144882376","46.8461036670683","4580.57","Error(0)","Reverted","Exchange",""
"0x3a83102a6686f6a18fd96f258c22597fe3eb52b355647ffcd5add1e4a9221fef","13721354","1638365530","2021-12-01 13:32:10","0x5bd9dee999fe2c4e6efdbab2c395b4685b0c00d0","0xd51a44d3fae010294c616388b506acda1bfaae46","","0","0","0","0.015058999401970203","56.3920374205339","4580.57","Error(0)","Reverted","Exchange",""
"0xf7bf25488e11a8fb2e7c00847a996912d813f070d4ae12db45939f363831726d","13721384","1638365977","2021-12-01 13:39:37","0x5bd9dee999fe2c4e6efdbab2c395b4685b0c00d0","0xd51a44d3fae010294c616388b506acda1bfaae46","","0","0","0","0.014831414987803389","55.5397929614269","4580.57","Error(0)","Reverted","Exchange",""
"0xae0c24fd1f80f59d23d1b297f8e4f28107f5a9fa3a3b7c2e369c174f5252e60d","13721440","1638366694","2021-12-01 13:51:34","0x5bd9dee999fe2c4e6efdbab2c395b4685b0c00d0","0xd51a44d3fae010294c616388b506acda1bfaae46","","0","0","0","0.015491154002736672","58.0103440402081","4580.57","Error(0)","Reverted","Exchange",""
"0x372e7084b33ba681924b5c3e6346334673b36c1b02f68575704fcc8e05013c3b","13721559","1638368233","2021-12-01 14:17:13","0x5bd9dee999fe2c4e6efdbab2c395b4685b0c00d0","0xd51a44d3fae010294c616388b506acda1bfaae46","","0","0","0","0.017618918203326159","65.9782677527236","4580.57","Error(0)","Reverted","Exchange",""
"0x287d88d02d9af9def0dbbad95e66ae8f1088511ffcf03e70483c1bc1bb18f6c1","13721567","1638368404","2021-12-01 14:20:04","0x5bd9dee999fe2c4e6efdbab2c395b4685b0c00d0","0xd51a44d3fae010294c616388b506acda1bfaae46","","0","0","0","0.018750475938565188","70.2156572661826","4580.57","Error(0)","Reverted","Exchange",""
"0x7d47462ccaf5ad35144a839f2a49615f1f955effb8929be5d9334d9210668e63","13721583","1638368670","2021-12-01 14:24:30","0x5bd9dee999fe2c4e6efdbab2c395b4685b0c00d0","0xd51a44d3fae010294c616388b506acda1bfaae46","","0","0","0","0.016754087391500493","62.7397012184475","4580.57","Error(0)","Reverted","Exchange",""
"0x5dab6987a207db33f538eedfab02b9784ab183093a8a338e12dfdb48012e228f","13721601","1638368984","2021-12-01 14:29:44","0x5bd9dee999fe2c4e6efdbab2c395b4685b0c00d0","0xd51a44d3fae010294c616388b506acda1bfaae46","","0","0","0","0.019794562494276612","74.1254899548174","4580.57","Error(0)","Reverted","Exchange",""
"0xfa43ee19015c8f37ad7d8a0bfe57eb215bae91985aa9ba5420306937e181de75","13721630","1638369416","2021-12-01 14:36:56","0x5bd9dee999fe2c4e6efdbab2c395b4685b0c00d0","0xd51a44d3fae010294c616388b506acda1bfaae46","","0","0","0","0.02104234038057018","78.7980937167364","4580.57","Error(0)","Reverted","Exchange",""
"0x60a651a8b00cc31e234eb3f86bbf385995bfefa6a4616f27405349eb1cb110fa","13721872","1638372771","2021-12-01 15:32:51","0x5bd9dee999fe2c4e6efdbab2c395b4685b0c00d0","0xd51a44d3fae010294c616388b506acda1bfaae46","","0","0","0","0.02432947947513531","91.1075749697182","4580.57","Error(0)","Reverted","Exchange",""
"0x5439901ca8982dc5518a1c79117e54177ef2dd6ad57a95d56ad5032c246d30c9","13722016","1638374774","2021-12-01 16:06:14","0x5bd9dee999fe2c4e6efdbab2c395b4685b0c00d0","0xd51a44d3fae010294c616388b506acda1bfaae46","","0","0","0","0.046141841433425984","172.789199289408","4580.57","","","Exchange",""
"0xe2e01f7647077c5b3a82d56431dfac83612ac37810032a9b89208a9539d49f0b","13722474","1638381221","2021-12-01 17:53:41","0x5bd9dee999fe2c4e6efdbab2c395b4685b0c00d0","0xd51a44d3fae010294c616388b506acda1bfaae46","","0","0","0","0.022796510593456122","85.3670050797389","4580.57","Error(0)","Reverted","Exchange",""
"0x5422d15a792b66182ecf063e598fdc70f5288ff358adc29990e778368ec36b77","13722505","1638381578","2021-12-01 17:59:38","0x5bd9dee999fe2c4e6efdbab2c395b4685b0c00d0","0xd51a44d3fae010294c616388b506acda1bfaae46","","0","0","0","0.018315539014559732","68.5869315693824","4580.57","Error(0)","Reverted","Exchange",""
"0xcbb70cda54ae1c7a580d5341201eb69dd505fc098f440dfb6d09f9d16730b1e1","13722536","1638382048","2021-12-01 18:07:28","0x5bd9dee999fe2c4e6efdbab2c395b4685b0c00d0","0xd51a44d3fae010294c616388b506acda1bfaae46","","0","0","0","0.02609437443903529","97.716647736833","4580.57","Error(0)","Reverted","Exchange",""
"0x1f55a2f23023ef2580e0410a4850913539fe12b07f76f1e00513f2db3d22eedf","13722552","1638382285","2021-12-01 18:11:25","0x5bd9dee999fe2c4e6efdbab2c395b4685b0c00d0","0xd51a44d3fae010294c616388b506acda1bfaae46","","0","0","0","0.024668728426011601","92.3779740860227","4580.57","Error(0)","Reverted","Exchange",""
"0x33bb2c98ebd7e8f0d14d40a21265df4a91108892f163d1573b72187c57cc94fb","13722595","1638382760","2021-12-01 18:19:20","0x5bd9dee999fe2c4e6efdbab2c395b4685b0c00d0","0xd51a44d3fae010294c616388b506acda1bfaae46","","0","0","0","0.054334937557183636","203.470214067888","4580.57","","","Exchange",""
"0x1397183cc81d226d974ba94b7fe0c73753a97d2fbe9907316e875f4f5317c513","13722694","1638384151","2021-12-01 18:42:31","0x5bd9dee999fe2c4e6efdbab2c395b4685b0c00d0","0xd51a44d3fae010294c616388b506acda1bfaae46","","0","0","0","0.04679517818804595","175.235775567903","4580.57","","","Exchange",""
"0x451a24d0bbde11381f9f76139e1844c4055c3c4e33ff2102a93d0890f0d5b8a7","13722732","1638384858","2021-12-01 18:54:18","0x5bd9dee999fe2c4e6efdbab2c395b4685b0c00d0","0xd51a44d3fae010294c616388b506acda1bfaae46","","60","0","224684.4","0.044445529706099914","166.436952911621","4580.57","","","Exchange",""
"0x246128fcf04d355295c924dd11ac8e6bc241f09834587477df4aa1176512cf6c","13722822","1638385904","2021-12-01 19:11:44","0x5bd9dee999fe2c4e6efdbab2c395b4685b0c00d0","0xd51a44d3fae010294c616388b506acda1bfaae46","","48","0","179747.52","0.01586304814734417","59.4029909192856","4580.57","Error(0)","Reverted","Exchange",""
"0x7d5a059dd0b6e20fc4bb305c3097003d034dd05c2e444ea3d233371c56056f72","13722844","1638386169","2021-12-01 19:16:09","0x5bd9dee999fe2c4e6efdbab2c395b4685b0c00d0","0xd51a44d3fae010294c616388b506acda1bfaae46","","48","0","179747.52","0.03779117438864928","141.518122380151","4580.57","","","Exchange",""
"0x442205cb0296409adbabe83091271d6246b8ca92d600260800d068eefd7b1941","13722853","1638386298","2021-12-01 19:18:18","0x5bd9dee999fe2c4e6efdbab2c395b4685b0c00d0","0xd51a44d3fae010294c616388b506acda1bfaae46","","45","0","168513.3","0.033419689853002544","125.148049380133","4580.57","","","Exchange",""
"0x5281ce0bf9c0de77a6e5dfcc97b5315a2ef8c503671bbb5fafcc326c96a3fb5e","13723205","1638391239","2021-12-01 20:40:39","0x5bd9dee999fe2c4e6efdbab2c395b4685b0c00d0","0xd51a44d3fae010294c616388b506acda1bfaae46","","0","0","0","0.01987731956404342","74.435393664256","4580.57","Error(0)","Reverted","Exchange",""
"0x6c4fa24559b311fc91a67aa1d74e2083320ceb57870c3d1f01065f338040ca7e","13723522","1638395488","2021-12-01 21:51:28","0x5bd9dee999fe2c4e6efdbab2c395b4685b0c00d0","0xd51a44d3fae010294c616388b506acda1bfaae46","","0","0","0","0.02406971902511064","90.1348396220928","4580.57","Error(0)","Reverted","Exchange",""
"0x182db00b37017391a421c371f6a697ec3f048d81b9bed5fa1b91c429de7d105a","13724084","1638403205","2021-12-02 00:00:05","0x8c73d39b2da2dd1a10cc16502bc7c8d768ec74c9","0xd51a44d3fae010294c616388b506acda1bfaae46","","0","0","0","0.02082722892409657","77.9925572412214","4514.80","","","Claim_admin_fees",""
"0xe502537086d94650b17e88cb10aa811f71efe12d936601467b6ded8e6e0ebe5d","13724482","1638408518","2021-12-02 01:28:38","0x5bd9dee999fe2c4e6efdbab2c395b4685b0c00d0","0xd51a44d3fae010294c616388b506acda1bfaae46","","0","0","0","0.02684266104649569","100.518786527254","4514.80","Error(0)","Reverted","Exchange",""
"0x2956f536bbf60bab24568e10b464222067a8010063c19545c6183a56ca1f21c0","13724673","1638410941","2021-12-02 02:09:01","0x5bd9dee999fe2c4e6efdbab2c395b4685b0c00d0","0xd51a44d3fae010294c616388b506acda1bfaae46","","0","0","0","0.015609576435573745","58.4538052613504","4514.80","Error(0)","Reverted","Exchange",""
"0x83dadab527790d5ca060e0ab57554850a12887d040d9b65c26e71677e607b125","13724761","1638412201","2021-12-02 02:30:01","0x04153776761994d676c68147b89f9bdffbaef512","0xd51a44d3fae010294c616388b506acda1bfaae46","","0","0","0","0.023529274952428544","88.1110170853573","4514.80","","","Remove_liquidity_one_coin",""
"0x1590173cb35cc521f674013ec8b68e4be2699bda4441efb2590d431cdbfba95d","13724953","1638414811","2021-12-02 03:13:31","0x5bd9dee999fe2c4e6efdbab2c395b4685b0c00d0","0xd51a44d3fae010294c616388b506acda1bfaae46","","63","0","235918.62","0.041501899788448164","155.413824213793","4514.80","","","Exchange",""
"0x78d2aa507c62802de7d7f391142c00b1ddeb661812b6322fe82728c52a5f5108","13724977","1638415078","2021-12-02 03:17:58","0x5bd9dee999fe2c4e6efdbab2c395b4685b0c00d0","0xd51a44d3fae010294c616388b506acda1bfaae46","","42","0","157279.08","0.030832427400075392","115.459424182158","4514.80","","","Exchange",""
"0xd283e82c68085bafee32d7b363fa4998917e85704fdc200659ce9ab163cbdbb5","13724978","1638415112","2021-12-02 03:18:32","0x5bd9dee999fe2c4e6efdbab2c395b4685b0c00d0","0xd51a44d3fae010294c616388b506acda1bfaae46","","54","0","202215.96","0.03496414343866958","130.931626500524","4514.80","","","Exchange",""
"0xf7ff84a39817c143462f4c10ce0d92e74d83189e083832d27c4d29516e656dbb","13724983","1638415193","2021-12-02 03:19:53","0x5bd9dee999fe2c4e6efdbab2c395b4685b0c00d0","0xd51a44d3fae010294c616388b506acda1bfaae46","","39","0","146044.86","0.046019809657161114","172.332222015558","4514.80","","","Exchange",""
"0x6c430ed215ebb38c1012a43740176a6a309c38a066cbfacac790f04679a11c59","13725129","1638417269","2021-12-02 03:54:29","0x5bd9dee999fe2c4e6efdbab2c395b4685b0c00d0","0xd51a44d3fae010294c616388b506acda1bfaae46","","0","0","0","0.031590753530637004","118.299158376318","4514.80","","","Exchange",""
"0xcaa6a8441380d4ea51518369fd42867ad775aa4f3273d1c49b30e953de39c1f3","13725743","1638425817","2021-12-02 06:16:57","0x5bd9dee999fe2c4e6efdbab2c395b4685b0c00d0","0xd51a44d3fae010294c616388b506acda1bfaae46","","0","0","0","0.0253163846099925","94.8032781044233","4514.80","","","Exchange",""
"0x92f1170eb598aceef28c6b9be9b6ea77b15adf79607015d5e15c1c25fdd97196","13725811","1638426819","2021-12-02 06:33:39","0x5bd9dee999fe2c4e6efdbab2c395b4685b0c00d0","0xd51a44d3fae010294c616388b506acda1bfaae46","","0","0","0","0.025150118412935732","94.180654425657","4514.80","","","Exchange",""
"0x0819a7b4641710a7ab839044cc743e394398f9ee8845d027c0ee1065fa931dde","13725962","1638429015","2021-12-02 07:10:15","0x5bd9dee999fe2c4e6efdbab2c395b4685b0c00d0","0xd51a44d3fae010294c616388b506acda1bfaae46","","0","0","0","0.041392149728954112","155.002838776004","4514.80","","","Exchange",""
"0xf0efc406617d7f112abd9939ca3b7c477c2da09344400ab7ec1d81b89b8b5023","13725982","1638429334","2021-12-02 07:15:34","0x5bd9dee999fe2c4e6efdbab2c395b4685b0c00d0","0xd51a44d3fae010294c616388b506acda1bfaae46","","0","0","0","0.01331556148810965","49.8633157269837","4514.80","Error(0)","Reverted","Exchange",""
"0xe9ffaa33839680d505f83e421e5f04ce64c19ac7127b79cd4341b8f18f9e4249","13726005","1638429798","2021-12-02 07:23:18","0x5bd9dee999fe2c4e6efdbab2c395b4685b0c00d0","0xd51a44d3fae010294c616388b506acda1bfaae46","","0","0","0","0.013545022386456529","50.7225871314592","4514.80","Error(0)","Reverted","Exchange",""
"0x56f3e413b9a2a95f59ed9c575efbd36a4e38863216d312d417f0649964b0246f","13726291","1638433476","2021-12-02 08:24:36","0x5bd9dee999fe2c4e6efdbab2c395b4685b0c00d0","0xd51a44d3fae010294c616388b506acda1bfaae46","","0","0","0","0.012208656473147015","45.7182442412525","4514.80","Error(0)","Reverted","Exchange",""
"0x1285d6f247822e2c33fe65edfd6830dc37f43743a320cb58cc613708399a3ee9","13726458","1638435722","2021-12-02 09:02:02","0x53c91f33e4da805d04dce861c536fa1674e7334d","0xd51a44d3fae010294c616388b506acda1bfaae46","","0","0","0","0.02047515506904123","76.6741321932414","4514.80","","","Remove_liquidity_one_coin",""
"0x69b14b8f4be29bb19779c3548869ed70c1bc94bd09c43b6e5ee17d2bc36a1310","13726577","1638437179","2021-12-02 09:26:19","0x5bd9dee999fe2c4e6efdbab2c395b4685b0c00d0","0xd51a44d3fae010294c616388b506acda1bfaae46","","45","0","168513.3","0.00954519897490208","35.7442884092748","4514.80","Error(0)","Reverted","Exchange",""
"0x21a1be3f16313e50e43f537318a70aea79dbb207d7706fceaf88f2d3e5a294da","13726609","1638437616","2021-12-02 09:33:36","0x5bd9dee999fe2c4e6efdbab2c395b4685b0c00d0","0xd51a44d3fae010294c616388b506acda1bfaae46","","0","0","0","0.0221207703123862","82.8365334196051","4514.80","","","Exchange",""
"0x8dd61153ad78fabe7ee776e31c093576f258034b9b912db3c5f714927bec8aac","13726641","1638438117","2021-12-02 09:41:57","0x5bd9dee999fe2c4e6efdbab2c395b4685b0c00d0","0xd51a44d3fae010294c616388b506acda1bfaae46","","0","0","0","0.02154539857362255","80.6819158545873","4514.80","","","Exchange",""
"0x42fdf0e53a7c6376406ce7dde8035f9177a9780bb4ed552506a4792f7bd68637","13726656","1638438343","2021-12-02 09:45:43","0x5bd9dee999fe2c4e6efdbab2c395b4685b0c00d0","0xd51a44d3fae010294c616388b506acda1bfaae46","","0","0","0","0.021342140129690622","79.9207658292577","4514.80","","","Exchange",""
"0x17d3cc8190a3e43182450a366717bd618aa962bc25eb2a16c5bc63122b42e296","13726658","1638438412","2021-12-02 09:46:52","0x5bd9dee999fe2c4e6efdbab2c395b4685b0c00d0","0xd51a44d3fae010294c616388b506acda1bfaae46","","0","0","0","0.028993988487398268","108.5749484483","4514.80","","","Exchange",""
"0x1edf197876583aeb8c0ac2c0827992ac186f9862be2d70097809add41d914948","13726666","1638438532","2021-12-02 09:48:52","0x5bd9dee999fe2c4e6efdbab2c395b4685b0c00d0","0xd51a44d3fae010294c616388b506acda1bfaae46","","0","0","0","0.025664419392551093","96.1065778760618","4514.80","","","Exchange",""
"0x9ddfaedd7c9803dda77c2ca261a2c41075ba3b6f02ed6401afae6e8388e5d10f","13726682","1638438847","2021-12-02 09:54:07","0x5bd9dee999fe2c4e6efdbab2c395b4685b0c00d0","0xd51a44d3fae010294c616388b506acda1bfaae46","","0","0","0","0.029795780023491323","111.577449285169","4514.80","","","Exchange",""
"0x5a312d8c83fe23ced919ad2f9c869d22bf001c1f7596993b83e9dcd2e48aefdb","13726938","1638442372","2021-12-02 10:52:52","0x5bd9dee999fe2c4e6efdbab2c395b4685b0c00d0","0xd51a44d3fae010294c616388b506acda1bfaae46","","57","0","213450.18","0.011746199377376655","43.9864626564375","4514.80","Error(0)","Reverted","Exchange",""
"0x81741975e5ae7dab419b446d22eee3b1b9a6051ec560c223cefd393e2108cd31","13727018","1638443496","2021-12-02 11:11:36","0x5bd9dee999fe2c4e6efdbab2c395b4685b0c00d0","0xd51a44d3fae010294c616388b506acda1bfaae46","","54","0","202215.96","0.011899769997257772","44.5615446995311","4514.80","Error(0)","Reverted","Exchange",""
"0xcf714c31a205ba2b6aea34f23bcad5243bca51b5948a3aefe8fe5e83a5f20212","13727077","1638444203","2021-12-02 11:23:23","0x5bd9dee999fe2c4e6efdbab2c395b4685b0c00d0","0xd51a44d3fae010294c616388b506acda1bfaae46","","39","0","146044.86","0.019833621269078892","74.2717549111705","4514.80","","","Exchange",""
"0xd7652d7192a1060d8b33f957879184f1875490d4a379e6bd0d02089058e7add1","13727086","1638444333","2021-12-02 11:25:33","0x5bd9dee999fe2c4e6efdbab2c395b4685b0c00d0","0xd51a44d3fae010294c616388b506acda1bfaae46","","45","0","168513.3","0.02064515537590344","77.3107391423606","4514.80","","","Exchange",""
"0xb72926c3c03d7310803b59ce372d70ad11dc1c9b986dc77cc4ae2bbc8642c64e","13727096","1638444525","2021-12-02 11:28:45","0x5bd9dee999fe2c4e6efdbab2c395b4685b0c00d0","0xd51a44d3fae010294c616388b506acda1bfaae46","","0","0","0","0.014696926042007032","55.0361668265454","4514.80","Error(0)","Reverted","Exchange",""
"0xb3b5d339ced60dc3846e1c5fc1d40c6345301fce7605b593cca04c7ab5657617","13727260","1638446881","2021-12-02 12:08:01","0x5bd9dee999fe2c4e6efdbab2c395b4685b0c00d0","0xd51a44d3fae010294c616388b506acda1bfaae46","","0","0","0","0.03076066944689808","115.190709304577","4514.80","","","Exchange",""
"0x67f9148d19f5cef1feb255253577ce9f527567c37df0d958b70bcb4328be85bd","13727284","1638447202","2021-12-02 12:13:22","0x5bd9dee999fe2c4e6efdbab2c395b4685b0c00d0","0xd51a44d3fae010294c616388b506acda1bfaae46","","45","0","168513.3","0.011051741279981618","41.3858976407984","4514.80","Error(0)","Reverted","Exchange",""
"0x31651774108f7addf10649807a1802898851418237229450457e878a8ed38c63","13727502","1638450413","2021-12-02 13:06:53","0x5bd9dee999fe2c4e6efdbab2c395b4685b0c00d0","0xd51a44d3fae010294c616388b506acda1bfaae46","","0","0","0","0.010715705157861676","40.1275297328509","4514.80","Error(0)","Reverted","Exchange",""
"0x4bc71883f5def58beddbede9885cbb95234ecfa4c71165e127339900551ec6aa","13727602","1638451704","2021-12-02 13:28:24","0x5bd9dee999fe2c4e6efdbab2c395b4685b0c00d0","0xd51a44d3fae010294c616388b506acda1bfaae46","","48","0","179747.52","0.02368622430732924","88.6987516126281","4514.80","","","Exchange",""
"0xd1d529c25360bc043b930b14d909134bfe120274b683d42904bd7bb2c6d1b297","13727805","1638454415","2021-12-02 14:13:35","0x5bd9dee999fe2c4e6efdbab2c395b4685b0c00d0","0xd51a44d3fae010294c616388b506acda1bfaae46","","0","0","0","0.030288157410903404","113.421274582906","4514.80","","","Exchange",""
"0x02aaafabe126e88ec90acd86b4078ed9776c7e40530a5df36d606589697a6b80","13727810","1638454472","2021-12-02 14:14:32","0x5bd9dee999fe2c4e6efdbab2c395b4685b0c00d0","0xd51a44d3fae010294c616388b506acda1bfaae46","","0","0","0","0.012879172849075329","48.2291537348463","4514.80","Error(0)","Reverted","Exchange",""
"0x58942596f749bf65f64d64731057184c8b3ca090b17da82115c9188619a3bdde","13727889","1638455732","2021-12-02 14:35:32","0x5bd9dee999fe2c4e6efdbab2c395b4685b0c00d0","0xd51a44d3fae010294c616388b506acda1bfaae46","","0","0","0","0.02193539801236096","82.1423623528086","4514.80","","","Exchange",""
"0x5b39cb473f9c52b678624bdba16e23c828fc00b9d4e535123f96494524306e5c","13727892","1638455790","2021-12-02 14:36:30","0x5bd9dee999fe2c4e6efdbab2c395b4685b0c00d0","0xd51a44d3fae010294c616388b506acda1bfaae46","","0","0","0","0.0229342351940672","85.8827479006312","4514.80","","","Exchange",""
"0xd21707bf3bd5e518cfe0918d774251fffda69d80ec45aae4c8e63d7baee01f23","13727902","1638455865","2021-12-02 14:37:45","0xd2440eb0c532a927292a3796c532bad01c973ab0","0xd51a44d3fae010294c616388b506acda1bfaae46","","0","0","0","0.016521041671938648","61.8670055905755","4514.80","","","Remove_liquidity_one_coin",""
"0x80c52175b7c6c7592d2bc60b3837da1fbe62db458727781182ab9bf3711c633c","13727938","1638456415","2021-12-02 14:46:55","0x5bd9dee999fe2c4e6efdbab2c395b4685b0c00d0","0xd51a44d3fae010294c616388b506acda1bfaae46","","0","0","0","0.021493518174094117","80.4876372472572","4514.80","","","Exchange",""
"0xe0688fdb772e5b84659b72058d204cde0828c586a16c7342fba4a33737008b2f","13727940","1638456452","2021-12-02 14:47:32","0x5bd9dee999fe2c4e6efdbab2c395b4685b0c00d0","0xd51a44d3fae010294c616388b506acda1bfaae46","","0","0","0","0.013714084370835776","51.3556803068436","4514.80","Error(0)","Reverted","Exchange",""
"0x1d3bb30463483673a936c590573c83d6048dc67b3bad38f9020a3de661be33a9","13727945","1638456541","2021-12-02 14:49:01","0x5bd9dee999fe2c4e6efdbab2c395b4685b0c00d0","0xd51a44d3fae010294c616388b506acda1bfaae46","","0","0","0","0.015311761110582288","57.3385643012419","4514.80","Error(0)","Reverted","Exchange",""
"0xb9719ea6c63a1f0d3ff3f646bb9a9564a4a57cccd6001d95de33f1c8c5991bbd","13728004","1638457308","2021-12-02 15:01:48","0x5bd9dee999fe2c4e6efdbab2c395b4685b0c00d0","0xd51a44d3fae010294c616388b506acda1bfaae46","","0","0","0","0.03376136056547509","126.427517363957","4514.80","","","Exchange",""
"0x98763060b178d0760883aca108afc0f653b8a0013434b37671631e3d7cbf91ee","13728005","1638457324","2021-12-02 15:02:04","0x5bd9dee999fe2c4e6efdbab2c395b4685b0c00d0","0xd51a44d3fae010294c616388b506acda1bfaae46","","0","0","0","0.036312223555907354","135.979836038748","4514.80","","","Exchange",""
"0x2feda1b1c54388f16cb66e2ade63fdf810f4f8f46ae33cbeb87fa88e50d8bece","13728006","1638457342","2021-12-02 15:02:22","0x5bd9dee999fe2c4e6efdbab2c395b4685b0c00d0","0xd51a44d3fae010294c616388b506acda1bfaae46","","0","0","0","0.016314964417537962","61.0952998529311","4514.80","Error(0)","Reverted","Exchange",""
"0x196a62e22c943bcd53dd6c5a4b3b30b7add0e233033393b4ccb7bffa0d714696","13728007","1638457365","2021-12-02 15:02:45","0x5bd9dee999fe2c4e6efdbab2c395b4685b0c00d0","0xd51a44d3fae010294c616388b506acda1bfaae46","","0","0","0","0.03041616311382087","113.90062265885","4514.80","","","Exchange",""
"0x2a25dbdf27daa80f2d34fde1b1f9ce9feda4fd54d8cdd1eee0c25b822ba7b0ae","13728015","1638457476","2021-12-02 15:04:36","0x5bd9dee999fe2c4e6efdbab2c395b4685b0c00d0","0xd51a44d3fae010294c616388b506acda1bfaae46","","0","0","0","0.027083736785644812","101.421552490676","4514.80","","","Exchange",""
"0x181fcd77c0f51a05ba81d9fefdcb8e546d1a4f8a683e9e0b9a614514a06db432","13728020","1638457544","2021-12-02 15:05:44","0x5bd9dee999fe2c4e6efdbab2c395b4685b0c00d0","0xd51a44d3fae010294c616388b506acda1bfaae46","","0","0","0","0.02684465688830565","100.526260435914","4514.80","","","Exchange",""
"0x3149d08144a6a960e9a0cea2a0420481becd93dec3a85ecc7be65f4c46b2b545","13728049","1638458061","2021-12-02 15:14:21","0x5bd9dee999fe2c4e6efdbab2c395b4685b0c00d0","0xd51a44d3fae010294c616388b506acda1bfaae46","","54","0","202215.96","0.015501675745142044","58.0497452298632","4514.80","Error(0)","Reverted","Exchange",""
"0x1f951dbdb046d1c4d1f174ce97a7d5da7274fbfa4de008eec43a3cd29a862ad2","13728058","1638458244","2021-12-02 15:17:24","0x5bd9dee999fe2c4e6efdbab2c395b4685b0c00d0","0xd51a44d3fae010294c616388b506acda1bfaae46","","0","0","0","0.05024730346290543","188.16308716968","4514.80","","","Exchange",""
"0xd5ca2488f4c7489c92ec1973742f2c899289d380d391942be4f8edc559834696","13728060","1638458263","2021-12-02 15:17:43","0x6c504bdf64488cead944d38ef1e8886601382b2d","0xd51a44d3fae010294c616388b506acda1bfaae46","","0","0","0","0.028633017361723002","107.223205435139","4514.80","","","Remove_liquidity_one_coin",""
"0x8a7c07062c79770904ee55c234a7d5f90485b8dac21a54e3e201a2db54275664","13728064","1638458310","2021-12-02 15:18:30","0x5bd9dee999fe2c4e6efdbab2c395b4685b0c00d0","0xd51a44d3fae010294c616388b506acda1bfaae46","","0","0","0","0.02895264465672285","108.420126551816","4514.80","","","Exchange",""
"0x894eaac72918dda15cf65ac8e5dfede02caf14444ac5fcc2fe44b1c7d7c13462","13728070","1638458435","2021-12-02 15:20:35","0x5bd9dee999fe2c4e6efdbab2c395b4685b0c00d0","0xd51a44d3fae010294c616388b506acda1bfaae46","","0","0","0","0.0406881","152.366355594","4514.80","","","Exchange",""
"0xf12eaff458536c046e8f0d59b571e35ccc02c090a917aa5f406ad59439add145","13728072","1638458442","2021-12-02 15:20:42","0x5bd9dee999fe2c4e6efdbab2c395b4685b0c00d0","0xd51a44d3fae010294c616388b506acda1bfaae46","","51","0","190981.74","0.033774237850413935","126.475739447959","4514.80","","","Exchange",""
"0xa8ae85ccb7f26f0724430dcaeaa7cb625a26fd4e282633f1e51eddaf7a94c38b","13728073","1638458447","2021-12-02 15:20:47","0x5bd9dee999fe2c4e6efdbab2c395b4685b0c00d0","0xd51a44d3fae010294c616388b506acda1bfaae46","","54","0","202215.96","0.015557948606327814","58.26047246406","4514.80","Error(0)","Reverted","Exchange",""
"0x63011c5550381e6c0a9c4acb6c248b7d2f7383ce44f7b2d69f753b16a03e189d","13728087","1638458652","2021-12-02 15:24:12","0x9803bf4a3fac7365474c0c9f02bbb32d1e62c381","0xd51a44d3fae010294c616388b506acda1bfaae46","","0","0","0","0.02395598923535432","89.7089511292007","4514.80","","","Remove_liquidity_one_coin",""
"0xa6b65dfe202d1023f11cd3c40fdba147c396f88a34326317a512fd6238a7dac7","13728126","1638459188","2021-12-02 15:33:08","0x5bd9dee999fe2c4e6efdbab2c395b4685b0c00d0","0xd51a44d3fae010294c616388b506acda1bfaae46","","0","0","0","0.0282629367483714","105.837349759096","4514.80","","","Exchange",""
"0xdb3c90a11cba982be1aca0408b38b2b6b82f3d330a3b5f56eb628dd49b3eb228","13728131","1638459274","2021-12-02 15:34:34","0x5bd9dee999fe2c4e6efdbab2c395b4685b0c00d0","0xd51a44d3fae010294c616388b506acda1bfaae46","","66","0","247152.84","0.0306550500857026","114.795192257934","4514.80","","","Exchange",""
"0x7938b09a35792cf70030df7e1b48c7f791158e680db32aae26f8c083c812c418","13728137","1638459381","2021-12-02 15:36:21","0x5bd9dee999fe2c4e6efdbab2c395b4685b0c00d0","0xd51a44d3fae010294c616388b506acda1bfaae46","","45","0","168513.3","0.032782494432943802","122.761918202822","4514.80","","","Exchange",""
"0x64b0e08820e2b714bc42990920606922b81aeb5904cf289cd521decd25c792b7","13728146","1638459504","2021-12-02 15:38:24","0x5bd9dee999fe2c4e6efdbab2c395b4685b0c00d0","0xd51a44d3fae010294c616388b506acda1bfaae46","","0","0","0","0.014978883843265088","56.0920254832285","4514.80","Error(0)","Reverted","Exchange",""
"0xa2df6469030b309b4925be72cea1a7ca3092a5bd89154b54261bdab69d3675cb","13728159","1638459835","2021-12-02 15:43:55","0x5bd9dee999fe2c4e6efdbab2c395b4685b0c00d0","0xd51a44d3fae010294c616388b506acda1bfaae46","","75","0","280855.5","0.017396301478019406","65.1446259967984","4514.80","Error(0)","Reverted","Exchange",""
"0x8173e63ea6d7417ba0f56352284be92566f80c73c976abef73f2b2d3a5121e8e","13728274","1638461204","2021-12-02 16:06:44","0x6f4a8930ef9c175ec0f3f63a97686d5c505e0e32","0xd51a44d3fae010294c616388b506acda1bfaae46","","0","0","0","0.028314160135047468","106.029168024118","4514.80","","","Remove_liquidity_one_coin",""
"0xc28946e4b9e50058652aeef0b7875cb9ea137c54b52b0c35aabe526923a7ba0e","13728453","1638463324","2021-12-02 16:42:04","0xed320bf569e5f3c4e9313391708ddbfc58e296bb","0xd51a44d3fae010294c616388b506acda1bfaae46","","15.6","0","58417.944","0.042631714179710829","159.64468535733","4514.80","","","Exchange",""
"0xd322619c46ff6be2b9d082f8ca493d48de67c45808174a84c306d9e0b0e3015f","13728603","1638465571","2021-12-02 17:19:31","0xa941861ddaa47e278a11d965b03b371a50aa6889","0xd51a44d3fae010294c616388b506acda1bfaae46","","0","0","0","0.01697300762876433","63.5595005877389","4514.80","","","Remove_liquidity",""
"0xc9d2e781d0f28ee366749099dc7a6f7d85bc2b4619f1ee6f4a7dad543f7e2cf0","13728648","1638466115","2021-12-02 17:28:35","0x5bd9dee999fe2c4e6efdbab2c395b4685b0c00d0","0xd51a44d3fae010294c616388b506acda1bfaae46","","51","0","190981.74","0.024644655890057827","92.2878286977351","4514.80","","","Exchange",""
"0xdaea8a871c9bc825e838e26373594f3e08502aafc7140724bffcc1961ffde8b4","13728662","1638466368","2021-12-02 17:32:48","0x5bd9dee999fe2c4e6efdbab2c395b4685b0c00d0","0xd51a44d3fae010294c616388b506acda1bfaae46","","0","0","0","0.036758907751860701","137.652552214703","4514.80","","","Exchange",""
"0x2e8657edd645e5c0b5e0cf8007531842935b6155e756d3d0ceeaa19fb0bbaeb8","13728817","1638468618","2021-12-02 18:10:18","0x5bd9dee999fe2c4e6efdbab2c395b4685b0c00d0","0xd51a44d3fae010294c616388b506acda1bfaae46","","51","0","190981.74","0.016663953415620178","62.4021729136095","4514.80","Error(0)","Reverted","Exchange",""
"0xd3ff5b6eedad1cf55916667937f71caab1d5feb1210f3a549e1f0f9ebcd8dd80","13728818","1638468622","2021-12-02 18:10:22","0x4db93d383d394ffd2346a3bb06b21694faf4b3b6","0xd51a44d3fae010294c616388b506acda1bfaae46","","0","0","0","0.036020037692050284","134.885675946928","4514.80","","","Remove_liquidity_one_coin",""
"0x99c049f2968ee74801875590086b745c1df4d0c0eed4e2ba65f6653f63793b8f","13728899","1638469582","2021-12-02 18:26:22","0x5bd9dee999fe2c4e6efdbab2c395b4685b0c00d0","0xd51a44d3fae010294c616388b506acda1bfaae46","","42","0","157279.08","0.013138330358725906","49.1996312275352","4514.80","Error(0)","Reverted","Exchange",""
"0xb458b4cef2a401153dcdb96f55ebee74d469674250f1fda5f30253ec4af8cf0b","13728922","1638469900","2021-12-02 18:31:40","0x5bd9dee999fe2c4e6efdbab2c395b4685b0c00d0","0xd51a44d3fae010294c616388b506acda1bfaae46","","45","0","168513.3","0.013765732491730912","51.5490890910844","4514.80","Error(0)","Reverted","Exchange",""
"0x79ec50fb47d90b3e8c054b959191ccba2427baebdd59f610cb2d632e5fc02762","13728997","1638471202","2021-12-02 18:53:22","0x5bd9dee999fe2c4e6efdbab2c395b4685b0c00d0","0xd51a44d3fae010294c616388b506acda1bfaae46","","0","0","0","0.02194517253155732","82.178965385824","4514.80","Error(0)","Reverted","Exchange",""
"0xa37e522b632399a4e3e96a109bdce946ad263a2962877fd8c1dc446bc5ff7239","13729000","1638471294","2021-12-02 18:54:54","0x5bd9dee999fe2c4e6efdbab2c395b4685b0c00d0","0xd51a44d3fae010294c616388b506acda1bfaae46","","0","0","0","0.027938872661533544","104.623814010551","4514.80","Error(0)","Reverted","Exchange",""
"0xa52ede202b5c839b605b933b7f94adca2f5d970e09b07575b68d388e12bd8f1c","13729020","1638471514","2021-12-02 18:58:34","0xfb3485c2e209a5cfbdc1447674256578f1a80ee3","0xd51a44d3fae010294c616388b506acda1bfaae46","","0","0","0","0.033169314271887288","124.210457926507","4514.80","","","Exchange",""
"0xa5479468b889db435d53035d2e5b5a0047f31c70eb7b0fe4f159e51ba8fae4a9","13729044","1638471745","2021-12-02 19:02:25","0x5bd9dee999fe2c4e6efdbab2c395b4685b0c00d0","0xd51a44d3fae010294c616388b506acda1bfaae46","","0","0","0","0.012987442890362465","48.6345968892559","4514.80","Error(0)","Reverted","Exchange",""
"0x768547e49531b61dd34507fe42b09d10b8b400125bf292349126e804331757b7","13729078","1638472189","2021-12-02 19:09:49","0x5bd9dee999fe2c4e6efdbab2c395b4685b0c00d0","0xd51a44d3fae010294c616388b506acda1bfaae46","","0","0","0","0.01671281487744044","62.5851463841463","4514.80","Error(0)","Reverted","Exchange",""
"0x6233104194f0206ce6fff738ee67adb45bed67f0ab667a1583d246c757dcb779","13729141","1638473102","2021-12-02 19:25:02","0x929f48e6c95de2be1c0966360c0789be624a7d30","0xd51a44d3fae010294c616388b506acda1bfaae46","","0","0","0","0.031137422357566785","116.601550999275","4514.80","","","Add_liquidity",""
"0x45aab57355632c3fc81906ac36fc250d25e9750f67a05188ce71a3d5ebcd501a","13729333","1638475692","2021-12-02 20:08:12","0x5bd9dee999fe2c4e6efdbab2c395b4685b0c00d0","0xd51a44d3fae010294c616388b506acda1bfaae46","","0","0","0","0.036166908013249711","135.435667113537","4514.80","","","Exchange",""
"0x90a177ac59eef67399fe5d23f1a4b3d4c1bed5dadee06c111984f3ea6b785d49","13729337","1638475744","2021-12-02 20:09:04","0x5bd9dee999fe2c4e6efdbab2c395b4685b0c00d0","0xd51a44d3fae010294c616388b506acda1bfaae46","","0","0","0","0.035263406433580416","132.052288608086","4514.80","","","Exchange",""
"0x5da6efa5bdb2431815c4fb1b9d7d700b3078742e677eb263d53fb4796e7843e7","13729409","1638476721","2021-12-02 20:25:21","0x5bd9dee999fe2c4e6efdbab2c395b4685b0c00d0","0xd51a44d3fae010294c616388b506acda1bfaae46","","0","0","0","0.038940183705425639","145.820863529056","4514.80","","","Exchange",""
"0x726538ec6b39a242c3b2baa2d40ac3fec495abced5e764b976ca62bb3ddd5dba","13729439","1638477097","2021-12-02 20:31:37","0x5bd9dee999fe2c4e6efdbab2c395b4685b0c00d0","0xd51a44d3fae010294c616388b506acda1bfaae46","","0","0","0","0.0344534529052805","129.01922323252","4514.80","","","Exchange",""
"0xc16bba6f430a9dcc3fd7a26991f705d73416a233ed18a03a836dd65b009aadc2","13729475","1638477611","2021-12-02 20:40:11","0x5bd9dee999fe2c4e6efdbab2c395b4685b0c00d0","0xd51a44d3fae010294c616388b506acda1bfaae46","","0","0","0","0.012658184037539368","47.4016080927352","4514.80","Error(0)","Reverted","Exchange",""
"0x9a6c50e36b91c73231a94979733b1fbe4aa21270b13c90118f91e38646e687fd","13729483","1638477743","2021-12-02 20:42:23","0x5bd9dee999fe2c4e6efdbab2c395b4685b0c00d0","0xd51a44d3fae010294c616388b506acda1bfaae46","","0","0","0","0.014379297214089792","53.8467294494906","4514.80","Error(0)","Reverted","Exchange",""
"0xce3529b859a93bd061461313ef9db463d7198b19ab11579881d186d265d34bff","13729611","1638479537","2021-12-02 21:12:17","0x5bd9dee999fe2c4e6efdbab2c395b4685b0c00d0","0xd51a44d3fae010294c616388b506acda1bfaae46","","0","0","0","0.01096166259731526","41.0485763946703","4514.80","Error(0)","Reverted","Exchange",""
"0xd1e0c821ba58c3b787562f8cd11052750036cf5653d648e7971c519221522bb7","13729707","1638481047","2021-12-02 21:37:27","0x5bd9dee999fe2c4e6efdbab2c395b4685b0c00d0","0xd51a44d3fae010294c616388b506acda1bfaae46","","0","0","0","0.029512122899831942","110.515227107917","4514.80","","","Exchange",""
"0x64f8458f8880f83c42901175b3d78de8aca13a32e4750f250053737466e2ba1c","13729712","1638481111","2021-12-02 21:38:31","0x5bd9dee999fe2c4e6efdbab2c395b4685b0c00d0","0xd51a44d3fae010294c616388b506acda1bfaae46","","0","0","0","0.031138404856806768","116.605230203479","4514.80","","","Exchange",""
"0x2d9c51d856512d5601b47bcc08df6e1312697e5f7b1b07b14926eeb7629ff792","13729759","1638481833","2021-12-02 21:50:33","0x5bd9dee999fe2c4e6efdbab2c395b4685b0c00d0","0xd51a44d3fae010294c616388b506acda1bfaae46","","0","0","0","0.028840013160042621","107.998350880938","4514.80","","","Exchange",""
"0x13f7ebc2f2a53787e415f1783c9e8fd40676b4868e87239d62ae6a063ae591f2","13729815","1638482514","2021-12-02 22:01:54","0x5bd9dee999fe2c4e6efdbab2c395b4685b0c00d0","0xd51a44d3fae010294c616388b506acda1bfaae46","","0","0","0","0.013145798027489652","49.2275957054616","4514.80","Error(0)","Reverted","Exchange",""
"0x86f14dc8b6e7d66132943f145b264976f7376c83b3e188fc9b575c746730fc48","13729881","1638483368","2021-12-02 22:16:08","0x5bd9dee999fe2c4e6efdbab2c395b4685b0c00d0","0xd51a44d3fae010294c616388b506acda1bfaae46","","0","0","0","0.03024894219322593","113.274423788661","4514.80","","","Exchange",""
"0xbfe032d6daf96b8a220e6f01257f7050cb941884be0978047bcdb1878cfffd2b","13729972","1638484716","2021-12-02 22:38:36","0x5bd9dee999fe2c4e6efdbab2c395b4685b0c00d0","0xd51a44d3fae010294c616388b506acda1bfaae46","","0","0","0","0.026039808729343359","97.5123133411212","4514.80","","","Exchange",""
"0x82d2e3c8d43c71d8d710f6e4f124d800d5bbd734c8d44c75571704ab0de3ca0f","13730022","1638485293","2021-12-02 22:48:13","0x5bd9dee999fe2c4e6efdbab2c395b4685b0c00d0","0xd51a44d3fae010294c616388b506acda1bfaae46","","0","0","0","0.0252058569468079","94.3893807429894","4514.80","","","Exchange",""
"0x7f5ea39b9a3575b4229bb3f1f3ea53da7a4438e015639c1ba34a3f4230a49a29","13730023","1638485321","2021-12-02 22:48:41","0x5bd9dee999fe2c4e6efdbab2c395b4685b0c00d0","0xd51a44d3fae010294c616388b506acda1bfaae46","","0","0","0","0.013249798705242156","49.6170512034685","4514.80","Error(0)","Reverted","Exchange",""
"0xed6bcfa1c1285cd29aca0705697b9d5a56474c023e045a8c2346081aa71b8000","13730156","1638487212","2021-12-02 23:20:12","0x5bd9dee999fe2c4e6efdbab2c395b4685b0c00d0","0xd51a44d3fae010294c616388b506acda1bfaae46","","0","0","0","0.027965119181243019","104.722100402768","4514.80","","","Exchange",""
"0x2ae977359dd2d18a371e86b5a3a31d5cbf49c6d36a2c5f3e67c9019d6931ec32","13730213","1638487917","2021-12-02 23:31:57","0x5bd9dee999fe2c4e6efdbab2c395b4685b0c00d0","0xd51a44d3fae010294c616388b506acda1bfaae46","","0","0","0","0.0120403547887745","45.0879981917154","4514.80","Error(0)","Reverted","Exchange",""
"0x9b18d6eb16ad84adc23bca738fd474154e0bec3e0df74baa7862f864d01c6d16","13730217","1638487939","2021-12-02 23:32:19","0x7d9f5398bb4c8967f71ba2e8b09bf2aa4746b809","0xd51a44d3fae010294c616388b506acda1bfaae46","","0","0","0","0.016524235104483148","61.8789641651622","4514.80","","","Remove_liquidity_one_coin",""
