"Txhash","Blockno","UnixTimestamp","DateTime","From","To","ContractAddress","Value_IN(ETH)","Value_OUT(ETH)","CurrentValue @ $4539.33/Eth","TxnFee(ETH)","TxnFee(USD)","Historical $Price/Eth","Status","ErrCode","Method"
"0xdfdf60f8818c2170a429ac01f33b9bf0fd9fb88a7559d4332b982e3512311378","13717922","1638318159","2021-12-01 00:22:39","0x9d11b1e1445b017902e561ceb201f009b3d53a42","0xbebc44782c7db0a1a60cb6fe97d0b483032ff1c7","","0","0","0","0.027848797140133266","126.414880322121","4580.57","","","Remove_liquidity_one_coin",""
"0x334388a34b63e03e9e30fb4b6844aebf2f58d45d18eae3b409a6f4f17bd17141","13718135","1638321122","2021-12-01 01:12:02","0x3f3e305c4ad49271ebda489dd43d2c8f027d2d41","0xbebc44782c7db0a1a60cb6fe97d0b483032ff1c7","","0","0","0","0.01946427353842037","88.3547608011577","4580.57","","","Remove_liquidity_one_coin",""
"0x1abf97cb3ad351a30c29b263d38361cd9a44683350c1c35860bf45872bfa1081","13718461","1638325475","2021-12-01 02:24:35","0x24fbc57df1359e2c776c24cd79ec676556e99124","0xbebc44782c7db0a1a60cb6fe97d0b483032ff1c7","","0","0","0","0.018332199779474746","83.2159044249631","4580.57","","","Remove_liquidity_one_coin",""
"0x5c1c4b8cd21c5e64f248ed6435edc8b5b60c770a745c6feda6fc52e89a2e3490","13718512","1638326280","2021-12-01 02:38:00","0x4c08a6c5d7287d309fc43275d6a47583449bdbaa","0xbebc44782c7db0a1a60cb6fe97d0b483032ff1c7","","0","0","0","0.0241814032449914","109.767369192087","4580.57","","","Exchange",""
"0x9c66ccb476f0bce7aea4e6b50cf0ae4a2b767ec6b90fd5c56fac1df4c773b3b6","13718825","1638330567","2021-12-01 03:49:27","0x1a62c9d1746de9fd9d449e80ddbb8a67d2a72a94","0xbebc44782c7db0a1a60cb6fe97d0b483032ff1c7","","0","0","0","0.026135030080341105","118.635526094595","4580.57","","","Exchange",""
"0xd027a580560f6f9a54c8235cc5eff94bcd919d8a05191f590b3198ef91134a42","13718984","1638332725","2021-12-01 04:25:25","0xe833c9a50ec8c7d7401211eff1acb0ce157caef4","0xbebc44782c7db0a1a60cb6fe97d0b483032ff1c7","","0","0","0","0.037233840433869632","169.016688896677","4580.57","","","Add_liquidity",""
"0x50c8ed8b861231c7725eb9632a7fe745de252f7d9da4c1e26e281a3b881b13b4","13718986","1638332753","2021-12-01 04:25:53","0xa118d7d5460ba8f52d7633ef3a94091d9a12fae7","0xbebc44782c7db0a1a60cb6fe97d0b483032ff1c7","","0","0","0","0.019749920364360705","89.6514060075535","4580.57","","","Exchange",""
"0xc9a0e80d400208d0c71a495b86b7ebe6f28b9a3ac725e84064241ced4f27167b","13718997","1638332852","2021-12-01 04:27:32","0xbb559754adbda600357422de7ab5414ebf142f95","0xbebc44782c7db0a1a60cb6fe97d0b483032ff1c7","","0","0","0","0.020884633412180355","94.8022429869126","4580.57","","","Exchange",""
"0xd71e2d3dc419c1febd1ddb5288018f8039674bcf0f3757d181efa96914f51e58","13719068","1638333813","2021-12-01 04:43:33","0x84277fae93fe296173949b49f19548595215f202","0xbebc44782c7db0a1a60cb6fe97d0b483032ff1c7","","0","0","0","0.01613565474326442","73.2450616457425","4580.57","","","Exchange",""
"0xa96b62d2b345b9bb620c6c0c1abee04e1afcecec2e5635f8f2054009cda14384","13719209","1638335525","2021-12-01 05:12:05","0x026c13f518e3d8bd1681929d8add21f7d681a5db","0xbebc44782c7db0a1a60cb6fe97d0b483032ff1c7","","0","0","0","0.02811047217601149","127.602709662734","4580.57","","","Add_liquidity",""
"0xb0a561b8591d2b83fb967e81a5cd7f0835a0ba6147ea83607fe1ff03ec8c23f6","13719678","1638342343","2021-12-01 07:05:43","0x726ed27113ec97da911999abef7818555d088b38","0xbebc44782c7db0a1a60cb6fe97d0b483032ff1c7","","0","0","0","0.02698436039510016","122.49091667229","4580.57","","","Add_liquidity",""
"0xd08f6ef119c8802ea59f94a200c5437eb2838a826bb259ecb683a0db14632bf1","13719780","1638343848","2021-12-01 07:30:48","0x55507cd9934bdb1f9d2b621ee3aaf2516eb2080e","0xbebc44782c7db0a1a60cb6fe97d0b483032ff1c7","","0","0","0","0.0153244060247235","69.5625360002081","4580.57","","","Exchange",""
"0x57861629ee65a6c78b0a8c60d428b86bf82ddf1e9737447027e7d0a42e1c7e6b","13719888","1638345399","2021-12-01 07:56:39","0xe7eb077d77f09b469b2ea8548aa860b137039977","0xbebc44782c7db0a1a60cb6fe97d0b483032ff1c7","","0","0","0","0.01809930898701129","82.15873626401","4580.57","","","Exchange",""
"0x8fb53818324bc0cca931301ed25a5891fd101cf629dcb3f6fec724029a1e9707","13719963","1638346484","2021-12-01 08:14:44","0x726ed27113ec97da911999abef7818555d088b38","0xbebc44782c7db0a1a60cb6fe97d0b483032ff1c7","","0","0","0","0.014789467","67.13427123711","4580.57","","","Remove_liquidity_one_coin",""
"0xd9787bd5b41a638f86789a57cf7192f50938b6f7b80bdd49d201b0a8ce1a7814","13719963","1638346484","2021-12-01 08:14:44","0x726ed27113ec97da911999abef7818555d088b38","0xbebc44782c7db0a1a60cb6fe97d0b483032ff1c7","","0","0","0","0.022484409033017439","102.064152455847","4580.57","Error(0)","Reverted","Remove_liquidity_one_coin",""
"0xfd3e6c7b7296fc0136a4e5ccbd8773ccb718c589e8b858d0917074f1df0f0aff","13719989","1638346811","2021-12-01 08:20:11","0x61751bc401f4eabe10a238661b4a60ba84910059","0xbebc44782c7db0a1a60cb6fe97d0b483032ff1c7","","0","0","0","0.015365314172685015","69.7482315834943","4580.57","","","Exchange",""
"0x4fcbd3899dc72ba2085047b6145a15c65710f030f1221b8dc28fdd9ec9fb45c5","13720102","1638348638","2021-12-01 08:50:38","0xc55f141acd72867b48133a86d281c4350da5939b","0xbebc44782c7db0a1a60cb6fe97d0b483032ff1c7","","0","0","0","0.019510593455882624","88.5650221920917","4580.57","","","Exchange",""
"0x8ac57e12578ad46c65e4b507e5eddb5660ed549c83b0cce85a70f31df028e503","13720174","1638349777","2021-12-01 09:09:37","0xd45aaeefd4683608e610bcfd7e119efdf80aa4fa","0xbebc44782c7db0a1a60cb6fe97d0b483032ff1c7","","0","0","0","0.023388361021439975","106.167488835453","4580.57","","","Add_liquidity",""
"0x7ffa6463a60e65bc65650de50eeecf117b72a9fb4d263140106e9576401b9ef0","13720225","1638350536","2021-12-01 09:22:16","0x56af52a9611afda072a73afd0e1ff4c4e35ee94a","0xbebc44782c7db0a1a60cb6fe97d0b483032ff1c7","","0","0","0","0.035177548354667248","159.682500572792","4580.57","","","Add_liquidity",""
"0x5c3c4d3541a221a4d378b327ec17ecf2ef77c62b3fa5c82b95d84cf655ced8ea","13720330","1638351744","2021-12-01 09:42:24","0x48d21dc6bbf18288520e9384aa505015c26ea43c","0xbebc44782c7db0a1a60cb6fe97d0b483032ff1c7","","0","0","0","0.012696218206892178","57.6323241930919","4580.57","","","Exchange",""
"0xe7eba16910c907e47d04008b7ac65c4930f5b2d43f6e88b73f1e43fb765c6542","13720464","1638353792","2021-12-01 10:16:32","0x431e81e5dfb5a24541b5ff8762bdef3f32f96354","0xbebc44782c7db0a1a60cb6fe97d0b483032ff1c7","","0","0","0","0.016061000826525621","72.9061828818726","4580.57","","","Remove_liquidity",""
"0x6808927d7a275c62c63005737f75e74863cf0f38d446fc22727e8caca9f40551","13720530","1638354632","2021-12-01 10:30:32","0x74b4cc23d89519bb74c6f11be29d773e63c9ac0b","0xbebc44782c7db0a1a60cb6fe97d0b483032ff1c7","","0","0","0","0.012494090307385614","56.7147989550247","4580.57","","","Remove_liquidity_one_coin",""
"0x767087f9facae7f9157c6342c05ae8861f5c4ce270a2a6be1f2ee46412e985f5","13720640","1638356016","2021-12-01 10:53:36","0x30f1d1ffad34b24bb8310ad9dd237b854b4daea7","0xbebc44782c7db0a1a60cb6fe97d0b483032ff1c7","","0","0","0","0.014743310464244076","66.9247514896571","4580.57","","","Remove_liquidity_one_coin",""
"0x25fb1140cddd04322e52ef4d9b1ca255b0417b2933f071fa44f8c9fd70de4c52","13720642","1638356055","2021-12-01 10:54:15","0xc64bb301035cb52c3da45e623bb397e675099940","0xbebc44782c7db0a1a60cb6fe97d0b483032ff1c7","","0","0","0","0.015867509270023264","72.0278608546947","4580.57","","","Exchange",""
"0x2091549df6dd1aac2550c00a0a5c9b1dfbaeb90d6c838e64cc37801c8a141955","13720721","1638357205","2021-12-01 11:13:25","0xd9f63ff3cd61383645c263e7f2664a227287fe5f","0xbebc44782c7db0a1a60cb6fe97d0b483032ff1c7","","0","0","0","0.019403625","88.07945707125","4580.57","","","Exchange",""
"0x0b516fdcce451d8f1098d27eafa3f483737f6aa57d7509707ab4cfad196b3521","13720755","1638357720","2021-12-01 11:22:00","0x7e6f41d5618533d1ebffeb11dd312742c91e7f55","0xbebc44782c7db0a1a60cb6fe97d0b483032ff1c7","","0","0","0","0.014622401562170422","66.3759060832071","4580.57","","","Exchange",""
"0xb5d2d823fc0e0f4002e732a90a32ebf55766aa198f7bfbde9e52366519e34a22","13720789","1638358141","2021-12-01 11:29:01","0xb993d1c583b3905ad3acd3c1d44424eb462901a7","0xbebc44782c7db0a1a60cb6fe97d0b483032ff1c7","","0","0","0","0.014497052777007675","65.8069065822542","4580.57","","","Exchange",""
"0x1c8c1084371d0010a4db48d63ec4993dde29d8ebf87cba0f6b7f7ee334dd5af6","13721013","1638361187","2021-12-01 12:19:47","0x4e8ebcb01068221e69691f768c40691c19e8ef30","0xbebc44782c7db0a1a60cb6fe97d0b483032ff1c7","","0","0","0","0.012383553876891624","56.2130376199905","4580.57","","","Exchange",""
"0xfbaeba407d78ca2a96c382822a227a751a0d3020536d59d6c516adcd6bcd2b12","13721027","1638361366","2021-12-01 12:22:46","0xeaf8a2d105900048563864caa195f8d166f49baf","0xbebc44782c7db0a1a60cb6fe97d0b483032ff1c7","","0","0","0","0.013954632030960522","63.3446798171","4580.57","","","Remove_liquidity_one_coin",""
"0xdd52d34b0720c67adf7dd30eafd5e9a8bef340c6ce97cfcc94dacb5d2cb44402","13721107","1638362322","2021-12-01 12:38:42","0x17c5b3aa7d03f5a5a117b6070f6a3b9c9e927db0","0xbebc44782c7db0a1a60cb6fe97d0b483032ff1c7","","0","0","0","0.015024606060429405","68.201645028289","4580.57","","","Exchange",""
"0x934b15a0f874c20e14c5ab1b7d7eec18c34e6f140debca319879ca7fd5b845a1","13721209","1638363539","2021-12-01 12:58:59","0xccde676f87b7ee08b3820745aa35ebd699a1e917","0xbebc44782c7db0a1a60cb6fe97d0b483032ff1c7","","0","0","0","0.011856894205430274","53.8223555735358","4580.57","","","Exchange",""
"0x603e5e9e8addce951424a26d4a8e88bc3f2aab3330201a0cfd117d57598b8e72","13721242","1638363976","2021-12-01 13:06:16","0xe59c8a83330b158d7fb537a8721946990bb42015","0xbebc44782c7db0a1a60cb6fe97d0b483032ff1c7","","0","0","0","0.016569372517967468","75.2138497519853","4580.57","","","Remove_liquidity_one_coin",""
"0x48c1cc12bc0a8ac96f10d8aaa965db9ac04c1e83caf669bbb335ad3c97c9f19b","13721291","1638364638","2021-12-01 13:17:18","0xd86aee5ee35d578cce58b3d15ed06bcdda0c4df0","0xbebc44782c7db0a1a60cb6fe97d0b483032ff1c7","","0","0","0","0.01601477414045295","72.6963446989823","4580.57","","","Exchange",""
"0x7a63a0442bfe8c8792b6fd939f2e47abfb1382a4cca0a8401536aab52ca25476","13721301","1638364753","2021-12-01 13:19:13","0x0d0b3a4fb611d11b044444ed2154cdcd7830d506","0xbebc44782c7db0a1a60cb6fe97d0b483032ff1c7","","0","0","0","0.01860059514361692","84.4342395532746","4580.57","","","Add_liquidity",""
"0x2b8db218cdc20c0f249cdb566c8a34b089a033735e8c8ff67183a3a0c793b244","13721343","1638365391","2021-12-01 13:29:51","0x9bcbfe550d32dfdd2d047ca52f497cba1f564b6b","0xbebc44782c7db0a1a60cb6fe97d0b483032ff1c7","","0","0","0","0.015267744067076655","69.3053286760031","4580.57","","","Exchange",""
"0xf98d9fbeb0b853b0f722bae593d8e7baa527a3ef757505a4511d29d61292c844","13721389","1638366035","2021-12-01 13:40:35","0xd371519e9789a5bbd84faf18928c80ab243f48c8","0xbebc44782c7db0a1a60cb6fe97d0b483032ff1c7","","0","0","0","0.01284593246877532","58.3119266334859","4580.57","","","Exchange",""
"0x7df7ebe9099aa0fae5f40e5a98909a2da5829f144b27c4e7fa0f12ec4bfbbc0f","13721409","1638366246","2021-12-01 13:44:06","0xd371519e9789a5bbd84faf18928c80ab243f48c8","0xbebc44782c7db0a1a60cb6fe97d0b483032ff1c7","","0","0","0","0.0104937356891391","47.6345292257798","4580.57","","","Exchange",""
"0x79f3b1dd5f2bebaa0054cc6783182558d442ee002bcd71799fb0667822ba9527","13721421","1638366434","2021-12-01 13:47:14","0x83063721fe795a0908b43ac5b245055808f87d23","0xbebc44782c7db0a1a60cb6fe97d0b483032ff1c7","","0","0","0","0.01685519013348939","76.5112702286524","4580.57","","","Exchange",""
"0x390c033da140a77ed891b3d87f94417d640918f84752ff7e1d2da8ecb3e6cee8","13721516","1638367664","2021-12-01 14:07:44","0x545c49b129271aff54dc27c89431675f8a29a09f","0xbebc44782c7db0a1a60cb6fe97d0b483032ff1c7","","0","0","0","0.028647932","130.04241716556","4580.57","","","Add_liquidity",""
"0x23b7e27a517a25fc2089278e5129fd7459eda2f32eb0ed0fc2b899c98152d598","13721523","1638367756","2021-12-01 14:09:16","0x64cee4d9d5f4f7a231dd53d48c1d19bebd71dbe0","0xbebc44782c7db0a1a60cb6fe97d0b483032ff1c7","","0","0","0","0.01750399994312028","79.4564320618042","4580.57","","","Exchange",""
"0xfb8db1ad163312fac784dee5f1949e82149f47f4b42f0e228d588b19d793573a","13721560","1638368261","2021-12-01 14:17:41","0x4a4d0c715d42c9c98b3263621744f2993334622f","0xbebc44782c7db0a1a60cb6fe97d0b483032ff1c7","","0","0","0","0.01866791977225209","84.7398482597771","4580.57","","","Remove_liquidity_one_coin",""
"0xb8af0dd4f63a9c02710d44e816cf5dff4ce52ddcc496372377aa138e37da6491","13721564","1638368305","2021-12-01 14:18:25","0x755816db1501a6913a06e5221f005b6e73e8f6c1","0xbebc44782c7db0a1a60cb6fe97d0b483032ff1c7","","0","0","0","0.01616815879287219","73.3926082532485","4580.57","","","Exchange",""
"0x9689f8cd1f438408c47aff52d71688e5f73ea6cb5ba7a07264c9c1de3c5ce60d","13721678","1638370044","2021-12-01 14:47:24","0x455d7eb74860d0937423b9184f9e8461aa354ebb","0xbebc44782c7db0a1a60cb6fe97d0b483032ff1c7","","0","0","0","0.01759591227408688","79.8736524631308","4580.57","","","Exchange",""
"0x30019f2ff4b28ff598db4ad8c63afdb7c769292e9e9adc76265a72e234623875","13721945","1638373726","2021-12-01 15:48:46","0xdc7b9eaf21d4f35732b0fb0db712ab964ed03c82","0xbebc44782c7db0a1a60cb6fe97d0b483032ff1c7","","0","0","0","0.02889097545910714","131.145671630789","4580.57","","","Add_liquidity",""
"0x015987278d6bcea334a330f50561112f3e54d0bc6f6b124e311a5081e6b5807c","13722042","1638375203","2021-12-01 16:13:23","0x600b8a34ec1cfd8b8af78cfc49708419a16ea2e8","0xbebc44782c7db0a1a60cb6fe97d0b483032ff1c7","","0","0","0","0.02239182553194774","101.643885391936","4580.57","","","Remove_liquidity_one_coin",""
"0x17444f7fa71471a45b10b6bc2136d8d1b2d1b503bd804e07d6b93fc3af25e657","13722053","1638375397","2021-12-01 16:16:37","0x3e516cf3c9d4f29fae6c1324c2414dc872fc9c09","0xbebc44782c7db0a1a60cb6fe97d0b483032ff1c7","","0","0","0","0.024117280556026515","109.476295146388","4580.57","","","Exchange",""
"0x34463ffc85a12459b54b03b89d5a875f33f364e0f054d494b78d09798e097aa1","13722166","1638376881","2021-12-01 16:41:21","0xd8106f94777253c15c90a0de9cc49ddd09200aeb","0xbebc44782c7db0a1a60cb6fe97d0b483032ff1c7","","0","0","0","0.018969500456443545","86.1088225069479","4580.57","","","Exchange",""
"0xb2cd583904538cb54e8a916076f189d878f5f9f4b27f300434fe5dbd92b0c2e6","13722346","1638379517","2021-12-01 17:25:17","0x63f9b5681da12027fbdfadd4dd27d08e44170b32","0xbebc44782c7db0a1a60cb6fe97d0b483032ff1c7","","0","0","0","0.027609535099890945","125.328790964988","4580.57","","","Exchange",""
"0xf825d9025f427a9f6cc6bca4ac63174c5c49d799f535a331de8307f2bb7413fb","13722355","1638379723","2021-12-01 17:28:43","0x2e403b969a64bdd1ca18fe10baba4546957bc31e","0xbebc44782c7db0a1a60cb6fe97d0b483032ff1c7","","0","0","0","0.024045168838487544","109.148956263612","4580.57","","","Exchange",""
"0xaa2b3957db0e5d34e134fbd6b54016975865ccdd1747c6b18c5fa4558ae60dd1","13722556","1638382342","2021-12-01 18:12:22","0x8fbf6366c6b162aed3245d38447c58f3f37dd240","0xbebc44782c7db0a1a60cb6fe97d0b483032ff1c7","","0","0","0","0.026804114144326662","121.672719458766","4580.57","","","Exchange",""
"0x7cf7de192aa7b5a3a6eba3ab5311de7aa4c29ca2d6213e04c5ca715874d5ebef","13722710","1638384475","2021-12-01 18:47:55","0x0a602396deddc61e4b5e9d2fc397e1fa25ff3c24","0xbebc44782c7db0a1a60cb6fe97d0b483032ff1c7","","0","0","0","0.024511809382495674","111.267191684244","4580.57","","","Exchange",""
"0xc449e308105b343758a1b0e04a99d000461d1fe02b56f64b7c3dbb71bf0ec5aa","13722802","1638385726","2021-12-01 19:08:46","0xc33abd9621834ca7c6fc9f9cc3c47b9c17b03f9f","0xbebc44782c7db0a1a60cb6fe97d0b483032ff1c7","","0","0","0","0.018335962138580514","83.2329830145227","4580.57","","","Remove_liquidity_one_coin",""
"0x5145f4769b8e74c6e59aebfaa956aa75f4e81897c2e25ff05ab6326b562fda54","13722886","1638386728","2021-12-01 19:25:28","0xcdfaa8a287eee91e281769bed88c6ef2b0c97544","0xbebc44782c7db0a1a60cb6fe97d0b483032ff1c7","","0","0","0","0.016361246855598975","74.2690986890261","4580.57","","","Exchange",""
"0xdadd36ffe6fdd300b5516f791a21f5dde34f1440f107dbc91b9e4d05d70a6316","13722948","1638387462","2021-12-01 19:37:42","0x016f782b4f2017bc6ca7e80e4c49f7b26c61c2e2","0xbebc44782c7db0a1a60cb6fe97d0b483032ff1c7","","0","0","0","0.017023490964886365","77.2752432416376","4580.57","","","Exchange",""
"0x398feab71f803c42d9ea43e894f213e0c2fc2cf5db76bba4ecabaa0a0a095929","13722954","1638387547","2021-12-01 19:39:07","0x724a165c92e33d39e4d3066f4a94a4bb1656669d","0xbebc44782c7db0a1a60cb6fe97d0b483032ff1c7","","0","0","0","0.0234883044","106.621164812052","4580.57","","","Add_liquidity",""
"0x5ef75893c99a68c85870232db3bdd68e5cb6ad1c30828d1a6b26d5313f647c18","13722960","1638387615","2021-12-01 19:40:15","0x81671c9329d04ea818bd2c8e00d9ec500b48f55f","0xbebc44782c7db0a1a60cb6fe97d0b483032ff1c7","","0","0","0","0.002389098001588","10.8449042315485","4580.57","Error(0)","Out of gas","Add_liquidity",""
"0x6abf1d2616f08b22c3de1a43dd4c1328c01f71a90531d544cacab69042d39a31","13722972","1638387767","2021-12-01 19:42:47","0x81671c9329d04ea818bd2c8e00d9ec500b48f55f","0xbebc44782c7db0a1a60cb6fe97d0b483032ff1c7","","0","0","0","0.002637978532125","11.974655090231","4580.57","Error(0)","Out of gas","Add_liquidity",""
"0x9f7b91520b4ef74632c3cd8cdbea0dbaf07ff5902448ab770f059f9b78d01638","13722985","1638387884","2021-12-01 19:44:44","0x026c13f518e3d8bd1681929d8add21f7d681a5db","0xbebc44782c7db0a1a60cb6fe97d0b483032ff1c7","","0","0","0","0.014390730626050012","65.3242752527476","4580.57","","","Remove_liquidity_one_coin",""
"0x1eccfffb5e9ddc7727c6c835547a6e678b51bb518bc4d7826debdef8e7a2a2f2","13723017","1638388431","2021-12-01 19:53:51","0x5c134a50c9cad0531caea982cb4426a632a2c528","0xbebc44782c7db0a1a60cb6fe97d0b483032ff1c7","","0","0","0","0.022570464336180075","102.454785875152","4580.57","","","Exchange",""
"0x45f42d314b36144ce9e7e888a936a0f7c592c1af84a06c886a2f2c1a263c8983","13723385","1638393566","2021-12-01 21:19:26","0x9aef7c447f6bc8d010b22aff52d5b67785ed942c","0xbebc44782c7db0a1a60cb6fe97d0b483032ff1c7","","0","0","0","0.027701271116663084","125.745211018002","4580.57","","","Remove_liquidity_one_coin",""
"0x7ace3441083adbba0c377d674b6879875ab5a9979969b8520ad89ed9e826726a","13723431","1638394205","2021-12-01 21:30:05","0x6148ff8994e6b1d54f24ad581cad06e6250dd37a","0xbebc44782c7db0a1a60cb6fe97d0b483032ff1c7","","0","0","0","0.021989522781907338","99.8177004495954","4580.57","","","Exchange",""
"0x02c488deb4d55ae290f4dca6fcd7f148b5d95634a6a60073a71fdb766775bddd","13723587","1638396409","2021-12-01 22:06:49","0x83768992b44f9afad68889ca59f36507fe00d8f7","0xbebc44782c7db0a1a60cb6fe97d0b483032ff1c7","","0","0","0","0.016556226661539232","75.1541763715249","4580.57","","","Exchange",""
"0xc588d32cda8b748d0d9c5469e0a6b93137a9e650b0b145df23fd483f1f92168b","13723608","1638396758","2021-12-01 22:12:38","0x98895e52d74ea14677b341a7fca99b80486c8ddc","0xbebc44782c7db0a1a60cb6fe97d0b483032ff1c7","","0","0","0","0.020788633590383218","94.3664681158343","4580.57","","","Remove_liquidity_one_coin",""
"0x8796a7abce2a018cc05c90ef0b29687e203f3829d68de284c45382feef9c8ae3","13724013","1638402188","2021-12-01 23:43:08","0x09687ae7d3260d5c15fb0bdfaa08600a58aee99f","0xbebc44782c7db0a1a60cb6fe97d0b483032ff1c7","","0","0","0","0.015662854031353935","71.0988631901458","4580.57","","","Exchange",""
"0x85fa075dbf45e4574cbb2139779762bd8da333317bb62b810c7ca91ae5699e2f","13724043","1638402601","2021-12-01 23:50:01","0xb93ddeff2959e0d3fa43db65c1fb0d29dc75ccca","0xbebc44782c7db0a1a60cb6fe97d0b483032ff1c7","","0","0","0","0.01555118751241356","70.5919720107242","4580.57","","","Remove_liquidity_one_coin",""
"0xdc06959f8ededfbbf9be7f2d289ce819bc28d1da6de749bec3e501eff4514544","13724426","1638407565","2021-12-02 01:12:45","0x23245a97fcb7268387eabbf52315d3a5efb82186","0xbebc44782c7db0a1a60cb6fe97d0b483032ff1c7","","0","0","0","0.041584435907927299","188.765477449932","","","","Exchange",""
"0x4471be01442c0065b73670641a30f112bcdd373bd1a60cd93c36ac427cd2d103","13724527","1638408932","2021-12-02 01:35:32","0xccb35aa91a588fbd6aeef018a9ba107862cdda2b","0xbebc44782c7db0a1a60cb6fe97d0b483032ff1c7","","0","0","0","0.023984278097409464","108.872553095914","","","","Remove_liquidity_one_coin",""
"0xc8048d9111933df8e73c2252b008252db7542d33aaacc5fe312b344317bbe241","13724657","1638410662","2021-12-02 02:04:22","0xf780db98028aec31a718a25151c98e7e9a5546ba","0xbebc44782c7db0a1a60cb6fe97d0b483032ff1c7","","0","0","0","0.019868799","90.19103536467","","","","Exchange",""
"0x052dd5f60fe11c69bd50c756e97c061f5eee7bf3a1ed8a7bb24c313d113ae5ac","13724728","1638411785","2021-12-02 02:23:05","0x3f2d1d12af8f9b5a8903db43a45bf5bb737e38f7","0xbebc44782c7db0a1a60cb6fe97d0b483032ff1c7","","0","0","0","0.015518492040911631","70.4435564760714","","","","Exchange",""
"0xf6b775f17a69e8c35fa2a28d92e6705084fafabbb9859572294aea2d3e2bebd3","13724913","1638414317","2021-12-02 03:05:17","0x26bfcc99b5d687e6af4822a0e170bd1078f556ab","0xbebc44782c7db0a1a60cb6fe97d0b483032ff1c7","","0","0","0","0.02914122057806336","132.28161680662","","","","Exchange",""
"0xf5763a86bf577cb65a172ce6caa2970221c2afd650b6a968a0cdedca73d21305","13725043","1638416149","2021-12-02 03:35:49","0xe62c522b0eea657414fad0a1893223f54ccd5190","0xbebc44782c7db0a1a60cb6fe97d0b483032ff1c7","","0","0","0","0.01671636","75.8810744388","","","","Remove_liquidity_one_coin",""
"0x5e91778e855c92ed4176781f91eac8cacd907daf327085ac02da8db9263877c7","13725141","1638417511","2021-12-02 03:58:31","0x851b07c5ed98fd3c3e9615d2a8e52511abf410dc","0xbebc44782c7db0a1a60cb6fe97d0b483032ff1c7","","0","0","0","0.0194589527","88.330607759691","","","","Remove_liquidity_one_coin",""
"0x92459ddae50bb3513e5da83b695686ab21fc08b93f0d98bd0f186bfb41c429fe","13725275","1638419367","2021-12-02 04:29:27","0x2303fd39e04cf4d6471df5ee945bd0e2cfb6c7a2","0xbebc44782c7db0a1a60cb6fe97d0b483032ff1c7","","0","0","0","0.013554516973092114","61.5284255314662","","","","Remove_liquidity_one_coin",""
"0x07b1996a0288b2da1248818043d7508e81c637df5416ac96df7b1a889267246d","13725301","1638419677","2021-12-02 04:34:37","0x8aa409f8c3759fd3265b840b5c1e4dab3d7a2977","0xbebc44782c7db0a1a60cb6fe97d0b483032ff1c7","","0","0","0","0.014367702206027114","65.2197416548851","","","","Exchange",""
"0xe2d1e2c542fff5f9b02edbc897a390dbf0c8dca00a7840954db0b39eb1e7d574","13725324","1638420001","2021-12-02 04:40:01","0x8aa409f8c3759fd3265b840b5c1e4dab3d7a2977","0xbebc44782c7db0a1a60cb6fe97d0b483032ff1c7","","0","0","0","0.00565318276606405","25.6616621254775","","Error(0)","Reverted","Exchange",""
"0x1849d055e2cb9517125972369597e9964593a9fdde6a084bacfe81b8b7ddafdc","13725629","1638424166","2021-12-02 05:49:26","0xd18001f022154654149ed45888c9c29def6d3ce6","0xbebc44782c7db0a1a60cb6fe97d0b483032ff1c7","","0","0","0","0.010301965288690494","46.7640200939114","","","","Remove_liquidity_one_coin",""
"0xcae6b068ae125f5c6cf3dc0170aaf215c7f7072c572848481e2c0da2f10e0df6","13725663","1638424589","2021-12-02 05:56:29","0x05c824cb84307759b21a29d95b1066a9d1c29cab","0xbebc44782c7db0a1a60cb6fe97d0b483032ff1c7","","0","0","0","0.011088503424215604","50.3343762486446","","","","Exchange",""
"0xc9518c817e83c8c06716d2c014d077ea48763143c55fccb8b728522657f82942","13725732","1638425641","2021-12-02 06:14:01","0x8a7dd134eb9b67780e82b8c92ca31dbc95fc6d79","0xbebc44782c7db0a1a60cb6fe97d0b483032ff1c7","","0","0","0","0.010236523528377966","46.4669583480719","","","","Exchange",""
"0x9f44c46682ec4db6343fc4fa910f4e774ed6c6a51e18f1803f5332ea72a6b5c2","13725788","1638426418","2021-12-02 06:26:58","0x4c6d6207527fcd75521a35519371c56a3841c73d","0xbebc44782c7db0a1a60cb6fe97d0b483032ff1c7","","0","0","0","0.01511904631226976","68.6303404966755","","","","Exchange",""
"0x010bbd6f53a9ec72abfa3246f7296fae4dd79d5ad6c29b7d779a1b7777413f52","13725801","1638426672","2021-12-02 06:31:12","0x69734444a9c9954c21d83b5f062802909dc5112b","0xbebc44782c7db0a1a60cb6fe97d0b483032ff1c7","","0","0","0","0.015367749882819978","69.7592880755812","","","","Exchange",""
"0xe0641f7ea94eed5fe64074ef0e1015acd4bff6bb142e4999051e3f31c8503fe2","13725889","1638427934","2021-12-02 06:52:14","0xec7e4c66e2913200866953ed03883cf78999e7c8","0xbebc44782c7db0a1a60cb6fe97d0b483032ff1c7","","0","0","0","0.01485904823968572","67.4501234458526","","","","Exchange",""
"0x5e07f942176c5911c103c467ff15d12b52f1c153d02d3bfe9e766595181bf8ed","13725889","1638427934","2021-12-02 06:52:14","0x155ddac174dc33a1c7054b90ae8c31228776d147","0xbebc44782c7db0a1a60cb6fe97d0b483032ff1c7","","0","0","0","0.01163640791186874","52.8214955265831","","","","Exchange",""
"0x9435f671e64a88a9024e71b4e2ec39d54b92bb791b3f331165b2169a23814497","13726035","1638430214","2021-12-02 07:30:14","0x63f6e20f416fcc4ebf384d663862523a59dbe608","0xbebc44782c7db0a1a60cb6fe97d0b483032ff1c7","","0","0","0","0.013940150517237414","63.2789434474113","","","","Exchange",""
"0x3a56b0a5ca304463549f784bfae98ea7d88d0d1ebc479b5a56f7b54c37c59987","13726217","1638432491","2021-12-02 08:08:11","0xc322150ad327091351af0c64f82627098cd04924","0xbebc44782c7db0a1a60cb6fe97d0b483032ff1c7","","0","0","0","0.01213395929","55.0800454238757","","","","Remove_liquidity",""
"0x59232d052dec58f3a55a2e84f3d144eb91b8d5eb55a5c293355b2a7b072d481a","13726291","1638433476","2021-12-02 08:24:36","0x70e62655196fb5d1b80f368697e63f7aa2251ca7","0xbebc44782c7db0a1a60cb6fe97d0b483032ff1c7","","0","0","0","0.01197292413225762","54.349053701281","","","","Exchange",""
"0x6c35b4feed97ad0d5c7a688d32ebbb79b582d4bd8914956a7592a946f16e11f4","13726373","1638434543","2021-12-02 08:42:23","0x56f1dc894596f7beb0a9d18cb24893c5b48251ac","0xbebc44782c7db0a1a60cb6fe97d0b483032ff1c7","","0","0","0","0.012309886286689717","55.8786361177592","","","","Remove_liquidity",""
"0x705bfa24aae5e624123e43c4569973ea7673e5cd18fd10f40fec23ec0a065d57","13726536","1638436750","2021-12-02 09:19:10","0x05a9b7e6f8e28ccbcb90989ec1c54261c27ec789","0xbebc44782c7db0a1a60cb6fe97d0b483032ff1c7","","0","0","0","0.011290833841134756","51.2528207800782","","","","Remove_liquidity_one_coin",""
"0xa7af4312e8121b2643e71c6b662237e59a9acdc1fbbe992839a8d1daf726305d","13726562","1638436985","2021-12-02 09:23:05","0xb6af7c04f67b5eb61f0dc7ac4a760888ec3e3887","0xbebc44782c7db0a1a60cb6fe97d0b483032ff1c7","","0","0","0","0.011090313008235494","50.3425905476736","","","","Remove_liquidity_one_coin",""
"0xb9cc680fef5860f6ba82d64e804a67a53f0f5617dcae10e84d005ce4dc758d8e","13726566","1638437041","2021-12-02 09:24:01","0xd94c1bef5975c5eaa57989bb5e149bcac6e4e41e","0xbebc44782c7db0a1a60cb6fe97d0b483032ff1c7","","0","0","0","0.010391739299560432","47.1715339546737","","","","Exchange",""
"0xb25ae0fdf66c3942f3abfa67cb27d65f71aaa06228a894e3b7e0fd88b1fa164b","13726572","1638437100","2021-12-02 09:25:00","0xf04e68a47c39089254588c485733c02f880fd68d","0xbebc44782c7db0a1a60cb6fe97d0b483032ff1c7","","0","0","0","0.009446322794926896","42.8799764526955","","","","Remove_liquidity_one_coin",""
"0x6d45c37f825a0c5b0495a2a7d3a74537f7a1c7a47e7a9d21d03ca42b0a789821","13726578","1638437239","2021-12-02 09:27:19","0x908bdb4ee673e526b553357551fcda55c659d132","0xbebc44782c7db0a1a60cb6fe97d0b483032ff1c7","","0","0","0","0.014064518303390138","63.843489870128","","","","Remove_liquidity",""
"0xc8e4c2c86e95633082afa8039701b406c3706a52239bec7d1bfb65d13a6ddb67","13726618","1638437692","2021-12-02 09:34:52","0xb71cd2a879c8d887ea8d75155ff51116178641c0","0xbebc44782c7db0a1a60cb6fe97d0b483032ff1c7","","0","0","0","0.011337274039033518","51.463628163606","","","","Exchange",""
"0xbb31f8b14fa0014d154395f2f9236dd76c7d6003ee6267fd19fc83ad984eaacc","13726725","1638439570","2021-12-02 10:06:10","0x7dc32a639ebb605d36f2c1076d5d74d69c254596","0xbebc44782c7db0a1a60cb6fe97d0b483032ff1c7","","0","0","0","0.01255671956044935","56.9990938023345","","","","Remove_liquidity_one_coin",""
"0xc5e0baf953c12f3110aef86a4030f1e2f383c1d8fed0a4060739d5facd649802","13726762","1638439977","2021-12-02 10:12:57","0x2b326b58b87049a5f5ca92a6e96d196b27f20dd7","0xbebc44782c7db0a1a60cb6fe97d0b483032ff1c7","","0","0","0","0.01327791653141124","60.272844848531","","","","Exchange",""
"0xab6975e9464aefae7f49a0e78497973d93a6d8d419b42fe73f182f8f91fdccfd","13726770","1638440049","2021-12-02 10:14:09","0x6c733932725dd9dd009cf7e8c7e35abb1b96d0ab","0xbebc44782c7db0a1a60cb6fe97d0b483032ff1c7","","0","0","0","0.010204186765695594","46.320171111125","","","","Remove_liquidity_one_coin",""
"0xe2b7aa70069bfb4205f30f88ba56b92e0e63bde5d8d11d730fb1231408f2a2f1","13726781","1638440147","2021-12-02 10:15:47","0xb01f3d8a463f4e6b38a64742dbd4d406adac2e5c","0xbebc44782c7db0a1a60cb6fe97d0b483032ff1c7","","0","0","0","0.010003494431035664","45.4091623756331","","","","Exchange",""
"0x3ee16db80620b10433bed5755af1c94c9ed5d3924dc233e65b7bec80a798fbca","13726894","1638441654","2021-12-02 10:40:54","0x9fd31424cfceab50218906bc1b3d87fe7778ca61","0xbebc44782c7db0a1a60cb6fe97d0b483032ff1c7","","0","0","0","0.00893814977308986","40.57321140948","","","","Remove_liquidity_one_coin",""
"0x0cd0d496bc97963a45fd95bb93ae9d24250dbcdc631d6605b6b1ff6e7985be26","13726911","1638442022","2021-12-02 10:47:02","0xe23756866b46a6666d3ff9febe3d19c3868f22e1","0xbebc44782c7db0a1a60cb6fe97d0b483032ff1c7","","0","0","0","0.010124341345328532","45.9577263990902","","","","Exchange",""
"0x41d39fbf1b9c9c9d4b51cff8f1451861db3a71c3b106240868625f33bb00bd7d","13727148","1638445368","2021-12-02 11:42:48","0x670647441d9c24d981923c9293a2e4eae6d0c8b3","0xbebc44782c7db0a1a60cb6fe97d0b483032ff1c7","","0","0","0","0.01071686","48.6473641038","","","","Remove_liquidity_one_coin",""
"0x0e9ef5b6d0a1e576dff292a50b1a6f3ef4cb0a9f8fa2117f623b89e285835bdf","13727170","1638445612","2021-12-02 11:46:52","0x09b815873bcd8da7769b673825c9134194833ce0","0xbebc44782c7db0a1a60cb6fe97d0b483032ff1c7","","0","0","0","0.011145125547081455","50.5914027496333","","","","Remove_liquidity_one_coin",""
"0xc6db45fb20215a8209dfb3758a03610736d0031d264310b4bbf00cc0fb3091bc","13727205","1638445990","2021-12-02 11:53:10","0xc13fd05bf9aea66d5f00b7ae36d4ed2605ad0803","0xbebc44782c7db0a1a60cb6fe97d0b483032ff1c7","","0","0","0","0.013370756740473603","60.694277194734","","","","Exchange",""
"0x3d366ca800f792519dd116590fb3606c39d82b13d1c8b7befd64b8533e367693","13727352","1638448102","2021-12-02 12:28:22","0x593c9809a0ed0252879a8909beddd0c75262e919","0xbebc44782c7db0a1a60cb6fe97d0b483032ff1c7","","0","0","0","0.007784943012815003","35.3384253663615","","","","Remove_liquidity_one_coin",""
"0xb3be0e044e11f49ca4ee2d0ea43b42c52fb42345a87708132b902fd6d62bb7af","13727451","1638449791","2021-12-02 12:56:31","0xe9191dc0376a01b13751df0ff0cef710bcdf506e","0xbebc44782c7db0a1a60cb6fe97d0b483032ff1c7","","0","0","0","0.018927641204789781","85.9188095501384","","","","Exchange",""
"0x1d1355e0d06f22de2305575ee7f8e6ded7093501b77574d24a92bb35fdaaa691","13727482","1638450164","2021-12-02 13:02:44","0x774701ff463c32d5068e7aaa0cde40f35500368a","0xbebc44782c7db0a1a60cb6fe97d0b483032ff1c7","","0","0","0","0.012955401521842224","58.8088427901441","","","","Exchange",""
"0xda3f59612682b277268eaf8ae714af8d0797e9acdd32b4b991ac46f9de4d9fa0","13727569","1638451250","2021-12-02 13:20:50","0xa5d223c176daab154a3134369d1c0478c5e6fecf","0xbebc44782c7db0a1a60cb6fe97d0b483032ff1c7","","0","0","0","0.01226428930329903","55.6716563631444","","","","Remove_liquidity_one_coin",""
"0x0a22974640400600137110538b5ea0d27599906bf655c6dd8408219ff33e19a1","13727587","1638451456","2021-12-02 13:24:16","0x977b754b801eaee9a895498a0ad631ba7347b5ec","0xbebc44782c7db0a1a60cb6fe97d0b483032ff1c7","","0","0","0","0.01184354008502223","53.761736814144","","","","Exchange",""
"0xc2590360184605cd9cd9c38fa2fd2df1279df8017fcb80bf28da1d87e9efb6c9","13727726","1638453309","2021-12-02 13:55:09","0xc5c7e30d0df864eb281e5398416e47db5e16d887","0xbebc44782c7db0a1a60cb6fe97d0b483032ff1c7","","0","0","0","0.014720986335002662","66.8234149000676","","","","Remove_liquidity_one_coin",""
"0x9323b010fcec29ecc75119273890ad90478fb7013283c25d679c3173cc344c89","13727752","1638453557","2021-12-02 13:59:17","0x3b2841f5d18e9aa5127216dbd4f9fff1457b9329","0xbebc44782c7db0a1a60cb6fe97d0b483032ff1c7","","0","0","0","0.011529399463098708","52.3357488648279","","","","Exchange",""
"0xe3bdc75f86e33d294d87257d82d154af8494977e43f512b546e05bbf85ccce8e","13727768","1638453879","2021-12-02 14:04:39","0xf2b489625780655a47fd09d59be70a38e417db1a","0xbebc44782c7db0a1a60cb6fe97d0b483032ff1c7","","0","0","0","0.01563334193221531","70.9648980331629","","","","Remove_liquidity_one_coin",""
"0x76db76abfba9b30842778041c819a435769e8c1f300db6e63a530e2f5baa53f0","13727810","1638454472","2021-12-02 14:14:32","0xcea0b7f22aaf244e16298f309cb61c91aabbcfd5","0xbebc44782c7db0a1a60cb6fe97d0b483032ff1c7","","0","0","0","0.012495593357365576","56.7216217948903","","","","Exchange",""
"0x47283bbf4b64fa912024eb8194e19e916cfeeb834b1e991207241680b3c2b3f9","13727835","1638454922","2021-12-02 14:22:02","0x6ecacd6fa90fa16e7567c700ee73e8883a4f6eb1","0xbebc44782c7db0a1a60cb6fe97d0b483032ff1c7","","0","0","0","0.020216277717988092","91.7683559335949","","","","Add_liquidity",""
"0x06bed9716976831e2903967eb28663a815cfc08b3680c7df5537afa6a0ea224a","13727838","1638454944","2021-12-02 14:22:24","0x1777281a2b6610d40ff726c3e03bbdc3b93d31ad","0xbebc44782c7db0a1a60cb6fe97d0b483032ff1c7","","0","0","0","0.013955321412376374","63.3478091468424","","","","Remove_liquidity_one_coin",""
"0xf1d23ad2b806dde244b544a716cb6f8295d29d47be56bdc1f00bd5ade4ae93af","13727892","1638455790","2021-12-02 14:36:30","0xd676c0f9e52383eda1c8036701f12a5e7ac6b0e9","0xbebc44782c7db0a1a60cb6fe97d0b483032ff1c7","","0","0","0","0.0136201609182457","61.8264050610202","","","","Remove_liquidity_one_coin",""
"0x6e2d6bec145cea03135323d9cf32abc3aa32f117364256e0ea5792c163f1d213","13728000","1638457241","2021-12-02 15:00:41","0xc72aed14386158960d0e93fecb83642e68482e4b","0xbebc44782c7db0a1a60cb6fe97d0b483032ff1c7","","0","0","0","0.012085791633185228","54.8613965342667","","","","Remove_liquidity_one_coin",""
"0xfefc32f905db4a4cb55a2ff3e8d531f0edc2dbbb7db1f318aa8c967d723c6098","13728077","1638458519","2021-12-02 15:21:59","0x83768992b44f9afad68889ca59f36507fe00d8f7","0xbebc44782c7db0a1a60cb6fe97d0b483032ff1c7","","0","0","0","0.019122","86.80106826","","","","Exchange",""
"0x3d8104c80b506ac75d6eb4f7c54e2a72e4949db739b982092e2046a6dadbac2a","13728150","1638459634","2021-12-02 15:40:34","0x4125533e8c48385320069793c463dc554c77a398","0xbebc44782c7db0a1a60cb6fe97d0b483032ff1c7","","0","0","0","0.0174414","79.172270262","","","","Exchange",""
"0xca50d750e54f2cdc3712d3c96060b114193d9d3806ec3c896a37218ebe049fd1","13728176","1638460015","2021-12-02 15:46:55","0x55507cd9934bdb1f9d2b621ee3aaf2516eb2080e","0xbebc44782c7db0a1a60cb6fe97d0b483032ff1c7","","0","0","0","0.01615469056262451","73.3314715116383","","","","Exchange",""
"0x62d3087a01f1bc8c4ec3e84110985c469b16dd1d9fbe5698363603b2b39af8db","13728230","1638460536","2021-12-02 15:55:36","0x791dac5214883377c598e5e88a0d861ab26dff6b","0xbebc44782c7db0a1a60cb6fe97d0b483032ff1c7","","0","0","0","0.011367989638962168","51.6030564078301","","","","Remove_liquidity_one_coin",""
"0x9d86f0ee2998139974940fb142f0933468dbf6abca2e4ff41c29fb42d844f6b3","13728233","1638460569","2021-12-02 15:56:09","0x84f8ed17ba74c5bfe015a0d771428c41275d3b5b","0xbebc44782c7db0a1a60cb6fe97d0b483032ff1c7","","0","0","0","0.011847970776266884","53.7818491838316","","","","Exchange",""
"0xdb5fdbcca5098c846c9d93470811788ffa667b648f9f9ad9b1cce26e9a30f27f","13728242","1638460767","2021-12-02 15:59:27","0xd6da5b97151c2fea9ccf11287985a21304a521a1","0xbebc44782c7db0a1a60cb6fe97d0b483032ff1c7","","0","0","0","0.013368345254579938","60.6833306644723","","","","Exchange",""
"0x13291dddfbf3aa9dbccef7e0a803e9e6db2ea1f1dc903201067d60c895e88063","13728242","1638460767","2021-12-02 15:59:27","0x19c00bbb5e494195c68937cda517a6ffd00685f5","0xbebc44782c7db0a1a60cb6fe97d0b483032ff1c7","","0","0","0","0.013942145060808134","63.2879973388782","","","","Exchange",""
"0x4e990d9760b420421a8dfc5dd0c1d9c68747c36dcf76082456e69be21f85ba83","13728286","1638461427","2021-12-02 16:10:27","0x706e714e63eabaa8602c209ecc92943655e0c7b8","0xbebc44782c7db0a1a60cb6fe97d0b483032ff1c7","","0","0","0","0.015734514336989818","71.424152965328","","","","Exchange",""
"0x037a936ca566f3d279d4b9d9220d5395a34583a24d9dec04307ffd194e832cfc","13728367","1638462266","2021-12-02 16:24:26","0x5fb8b9512684d451d4e585a1a0aabfb48a253c67","0xbebc44782c7db0a1a60cb6fe97d0b483032ff1c7","","0","0","0","0.01254412287933318","56.9419133098435","","","","Exchange",""
"0x04c3dd6189ec804fda7aa51d073be4a20e262a987275c938b0c2f2bafb83c5bd","13728382","1638462409","2021-12-02 16:26:49","0x2bbc9fcac55c75e9e3dd4fca0ad8c5d712a9a597","0xbebc44782c7db0a1a60cb6fe97d0b483032ff1c7","","0","0","0","0.013198717786116156","59.9133356080506","","","","Exchange",""
"0x8c15697bede1b9edcaea81a963f62a6019a28c9cb7b6a4de0bbde12bcec64e4b","13728400","1638462611","2021-12-02 16:30:11","0xeac03ab059b522886a6f273bd96b26bd86a0b4a2","0xbebc44782c7db0a1a60cb6fe97d0b483032ff1c7","","0","0","0","0.013254070850638966","60.164601434431","","","","Remove_liquidity_one_coin",""
"0x0c0e6fc6f337f9a310ab414d814f6b5aca0433925a217ff69fb225b1a4b37ec1","13728418","1638462838","2021-12-02 16:33:58","0x397619b2d282b5ab7571e3dde3d63a91d78f33d7","0xbebc44782c7db0a1a60cb6fe97d0b483032ff1c7","","0","0","0","0.016351380426132564","74.2243117097563","","","","Exchange",""
"0x6f1f724ca76c03ca5b2d7a42a9309d7afe8e8a457e5d4083f2e016741dd56867","13728440","1638463137","2021-12-02 16:38:57","0x4970f7a02c658b44bcb33de38810989c912af154","0xbebc44782c7db0a1a60cb6fe97d0b483032ff1c7","","0","0","0","0.017276850435888418","78.4253254891414","","","","Remove_liquidity_one_coin",""
"0x9bf3fcc81e58f1611c7c85746921ede0a78ce9f3eded3020c21d70fc5ee51306","13728479","1638463715","2021-12-02 16:48:35","0x20b7a5b794256e596ae25636fc8d04e2bb182ce0","0xbebc44782c7db0a1a60cb6fe97d0b483032ff1c7","","0","0","0","0.0164625316847735","74.7288639526429","","","","Exchange",""
"0xb78a4cc3d2798e174a2627cb19e773cb908daa0926bb6b489a76cb2c5c8b7321","13728569","1638465125","2021-12-02 17:12:05","0x118871d92e5b141c43ba63f83f04f1174ed338c8","0xbebc44782c7db0a1a60cb6fe97d0b483032ff1c7","","0","0","0","0.021177365707680288","96.1310514778444","","","","Exchange",""
"0x43f9a134ca42dd2949e737bd2fbfb607175033ef8c8ffbecc1afe8bfcac21d9d","13728603","1638465571","2021-12-02 17:19:31","0xbac2d8926c17fbf4783428e29641d6c5238e1074","0xbebc44782c7db0a1a60cb6fe97d0b483032ff1c7","","0","0","0","0.014478462340994895","65.7225184583484","","","","Exchange",""
"0x72400aec9a34109d1b0fbf2f17a12e638b44ad1aca53ea012517554839595ca6","13728606","1638465591","2021-12-02 17:19:51","0xf9107317b0ff77ed5b7adea15e50514a3564002b","0xbebc44782c7db0a1a60cb6fe97d0b483032ff1c7","","0","0","0","0.020882321253250902","94.7917473345194","","","","Add_liquidity",""
"0xf7e14c71371f00197523e1814ddfc9e48a6f04f7891a6505eefb231481faac42","13728610","1638465617","2021-12-02 17:20:17","0x44aad281ee6d8ac715d9d059a704546888638284","0xbebc44782c7db0a1a60cb6fe97d0b483032ff1c7","","0","0","0","0.016718685040933135","75.891628566859","","","","Remove_liquidity",""
"0x52ebf5811d03c9dc65c4cf0b7d4a972a5b98f026b31e4bb3dad492b9d1e0eef3","13728627","1638465869","2021-12-02 17:24:29","0x44aad281ee6d8ac715d9d059a704546888638284","0xbebc44782c7db0a1a60cb6fe97d0b483032ff1c7","","0","0","0","0.012939712115904408","58.7376233990884","","","","Exchange",""
"0x55f8f46e1f4aecb32af14ca0c5b9ca33cfd0d66163c9e204a3203ac920a7e72f","13728636","1638465939","2021-12-02 17:25:39","0x44aad281ee6d8ac715d9d059a704546888638284","0xbebc44782c7db0a1a60cb6fe97d0b483032ff1c7","","0","0","0","0.012611513384797476","57.2478210530127","","","","Exchange",""
"0x211dae34a6ad601554524991cb3d321ba4c88fcab8899f533458c00b930e6ca0","13728662","1638466368","2021-12-02 17:32:48","0xf9107317b0ff77ed5b7adea15e50514a3564002b","0xbebc44782c7db0a1a60cb6fe97d0b483032ff1c7","","0","0","0","0.019387306893866214","88.0053838025337","","","","Remove_liquidity_one_coin",""
"0x780ce0fe12826b8b321e7943b5e3fbe08afac3204224a5ee66a08fdee54287c2","13728785","1638468112","2021-12-02 18:01:52","0xfbee05ffa0e2d6ffcd61832b45a25f02603026da","0xbebc44782c7db0a1a60cb6fe97d0b483032ff1c7","","0","0","0","0.017180493036602456","77.9879274558406","","","","Remove_liquidity_one_coin",""
"0x545b38f8ba16e9176a0b2c985dfc2488d8247667862ae6b98f99d604b4745afd","13729055","1638471890","2021-12-02 19:04:50","0x80af4d533d298bf79280c2c9a6646cd99925009d","0xbebc44782c7db0a1a60cb6fe97d0b483032ff1c7","","0","0","0","0.012797366599730821","58.0914701271561","","Error(0)","Out of gas","Remove_liquidity_one_coin",""
"0xb90a62977888662ad6c751112160545121d0cf91e41225d362044bc2573acc41","13729060","1638471941","2021-12-02 19:05:41","0x80af4d533d298bf79280c2c9a6646cd99925009d","0xbebc44782c7db0a1a60cb6fe97d0b483032ff1c7","","0","0","0","0.014658334048845528","66.539015497946","","","","Remove_liquidity_one_coin",""
"0xe6c632b9b7ad9c55c578daa7ea0a32c470ff41233cde77f93f99407ab827f229","13729060","1638471941","2021-12-02 19:05:41","0x3f3003dec579ffe478be29133c22dc1bb273a2b8","0xbebc44782c7db0a1a60cb6fe97d0b483032ff1c7","","0","0","0","0.01180945","53.6069906685","","","","Exchange",""
"0x7bab216f520ee2e6217a4f299ff46f1a9c9a234ad2a37712939258662842540d","13729111","1638472630","2021-12-02 19:17:10","0x7a16ff8270133f063aab6c9977183d9e72835428","0xbebc44782c7db0a1a60cb6fe97d0b483032ff1c7","","0","0","0","0.01707063176613222","77.489230894957","","","","Remove_liquidity_one_coin",""
"0x1ecf9f51539ab813675195112c06da5460cb7491b47ec9452c4b6b972e34b0e8","13729227","1638474194","2021-12-02 19:43:14","0x06f522a84e0101545516b149ccc4e5561608da1d","0xbebc44782c7db0a1a60cb6fe97d0b483032ff1c7","","0","0","0","0.016365949185740112","74.2904441173057","","","","Exchange",""
